	DROP DATABASE MOBILESHOP
	CREATE DATABASE MOBILESHOP;
	USE  MOBILESHOP;
	SET DATEFORMAT DMY;		
	--THONG TIN CHUNG CUA SHOP
	GO
	CREATE TABLE THONGTIN_SHOP(
	ID  NVARCHAR(10) NOT NULL,
	TENSHOP NVARCHAR(100) NOT NULL,
	CHINHSACH NVARCHAR(MAX) NOT NULL,
	DC_FB NVARCHAR(MAX) NULL,
	DC_YTB NVARCHAR(MAX) NULL,
	DC_THUC NVARCHAR(MAX) NOT NULL,
	)
	ALTER TABLE THONGTIN_SHOP ADD CONSTRAINT PK_TT_SHOP PRIMARY KEY (TENSHOP)
	GO
	CREATE TABLE SDT_SHOP(
	SDT INT NOT NULL,
	TIEUDE NVARCHAR(100) NOT NULL,
	GIO_HD NVARCHAR(100) NOT NULL,
	)
	ALTER TABLE SDT_SHOP ADD CONSTRAINT PK_SDT PRIMARY KEY (SDT)
	GO
	CREATE TABLE QL_GIAODIEN(
	MAGD CHAR(10) NOT NULL,
	MAU_NEN NVARCHAR(30) NOT NULL,
	MAU_CHUDAO NVARCHAR(30) NOT NULL,
	MAU_THANHLOC NVARCHAR(30) NOT NULL,
	MAU_CHU NVARCHAR(30) NOT NULL,
	)
	ALTER TABLE QL_GIAODIEN ADD CONSTRAINT PK_GD PRIMARY KEY (MAGD)
	CREATE TABLE ICON_MENU(
	MAIC CHAR(10) NOT NULL,
	ICON NVARCHAR(MAX) NOT NULL,
	TIEUDE NVARCHAR(20)NOT NULL
	)
	ALTER TABLE ICON_MENU ADD CONSTRAINT PK_IC PRIMARY KEY (MAIC)

	
	-- THONG TIN CO SO DU LIEU HE THONG
	GO
	--BANG NGUOI DUNG

	CREATE TABLE TAIKHOAN(
	ID CHAR(10) NOT NULL,
	EMAIL NVARCHAR(100) NOT NULL,
	MATKHAU NVARCHAR(100)NOT  NULL,
	TRANGTHAI NVARCHAR(50)NOT  NULL,
	NGAYTAO DATE NOT NULL,
	QUYENHAN NVARCHAR(50) NOT NULL,
	TENND NVARCHAR(MAX)NOT  NULL,
	SDT INT NOT NULL,
	DIACHI NVARCHAR(100)NOT NULL,
	TOKENREMEMBER NVARCHAR(600) NULL,	
	)	
	ALTER TABLE TAIKHOAN ADD CONSTRAINT PK_MAKH PRIMARY KEY (ID)
	GO
	--BANG GIO HANG
	CREATE TABLE GIOHANG(
	MAKH CHAR(10) NOT NULL,
	MASP CHAR(10) NOT NULL,
	SL INT NOT NULL)
	
	ALTER TABLE GIOHANG ADD CONSTRAINT PK_GIOHANG PRIMARY KEY (MAKH,MASP)  
   -- BANG DANH GIA
	GO	
	CREATE TABLE DANHGIA(
	MASP  CHAR(10) NOT NULL,
	MAKH CHAR(10) NOT NULL,
	MUCDANHGIA CHAR(10) NOT NULL,
	NOIDUN_DG NVARCHAR(500) NOT NULL,
	NGAYDANHGIA DATE NOT NULL
	)
	ALTER TABLE DANHGIA ADD CONSTRAINT PK_DANHGIA_MASP PRIMARY KEY (MASP,MAKH)
	GO
	--BANG THUONG HIEU
	CREATE TABLE THUONGHIEU( 
	 MATH CHAR(10) NOT NULL,
	 TENTH NVARCHAR(100) NOT NULL,
	 SLDT INT NULL)
	ALTER TABLE THUONGHIEU ADD CONSTRAINT PR_MATH PRIMARY KEY (MATH)
	GO
	 -- BANG SAN PHAM
	CREATE TABLE SANPHAM(
	MASP CHAR(10) NOT NULL,
	TENSP NVARCHAR(500) NOT NULL,
	LOAI_SP NVARCHAR(100) NOT NULL,
	MATH CHAR(10) NOT NULL,
	TINHTRANG NVARCHAR(100) NOT NULL,
	NGAYCAPNHAT DATE NOT NULL,
	GIOITHIEU NVARCHAR(MAX) NOT NULL,
	SOLUONG INT NOT NULL,
	SL_DABAN INT NOT NULL,
	LUOTXEM INT NOT NULL,
	MACH CHAR(10) NOT NULL,	
	)
	ALTER TABLE SANPHAM ADD CONSTRAINT PK_SANPHAM_MASP PRIMARY KEY (MASP)
		GO
	--BANG BINH LUAN
	
	CREATE TABLE BINHLUAN(
	MABL CHAR(10) NOT NULL,
	TEN_NGUOIBL NVARCHAR(100) NOT NULL,
	NOIDUNG_BL NVARCHAR(500) NOT NULL,
	TRANGTHAI NVARCHAR(50) NOT NULL,
	NGAYBL DATE NOT NULL,
	MASP CHAR(10) NOT NULL,
	)
	
	ALTER TABLE BINHLUAN ADD CONSTRAINT PK_BL PRIMARY KEY(MABL)
	--BANG TRA LOI
	
	CREATE TABLE TRALOI(
	MATL CHAR(10) NOT NULL,
	TEN_NGUOITL NVARCHAR(100) NOT NULL,
	NOIDUNG_TL NVARCHAR(500) NOT NULL,
	LOAI_TL NVARCHAR(50) NOT NULL,
	TRANGTHAI NVARCHAR(50) NOT NULL,
	NGAYTL DATE NOT NULL,
	MABL CHAR(10) NOT NULL,
	)
	ALTER TABLE TRALOI ADD CONSTRAINT PK_TL PRIMARY KEY(MATL)
	-- BANG GIA
	GO
	CREATE TABLE GIA_SP(
	MASP CHAR(10) NOT NULL,
	NGAYCAPNHAT DATE NOT NULL,
	GIA MONEY NOT NULL,
	GIA_KM MONEY NULL
	)
	ALTER TABLE GIA_SP ADD CONSTRAINT PK_GIA_MASP_NGAY PRIMARY KEY(MASP,NGAYCAPNHAT)
	GO
	-- BANG CAU HINH
	CREATE TABLE CAUHINH(
	MACH CHAR(10) NOT NULL,
	SLTT INT NOT NULL,
	)
	GO
	ALTER TABLE CAUHINH ADD CONSTRAINT PR_CAUHINH PRIMARY KEY (MACH)
	-- BANG CAU HINH - CHI TIET THUOC TINH
	CREATE TABLE CH_CTTT(
	MACH CHAR(10) NOT NULL,
	MACT CHAR(10) NOT NULL,
	)
	GO
	ALTER TABLE CH_CTTT ADD CONSTRAINT PR_CH_CTTT PRIMARY KEY (MACH,MACT)
	-- BANG CHI TIET THUOC TINH
	CREATE TABLE CHITIET_THUOCTINH(
	MACT CHAR(10) NOT NULL,
	GIATRI NVARCHAR(50) NOT NULL,
	NOIDUNG NVARCHAR(MAX) NOT NULL,
	MATT CHAR(10) NOT NULL,
	)	
	ALTER TABLE CHITIET_THUOCTINH ADD CONSTRAINT PR_CHITIET_THUOCTINH PRIMARY KEY (MACT)
	GO
	--BANG THUOC TINH NHOM
	CREATE TABLE LOP_THUOCTINH(
	MALOP CHAR(10) NOT NULL,
	NOIDUNG NVARCHAR(100) NOT NULL,
	SLTT INT NOT NULL)
	ALTER TABLE LOP_THUOCTINH ADD CONSTRAINT PK_LTT PRIMARY KEY (MALOP)
	
	-- BANG THUOC TINH
	CREATE TABLE THUOCTINH(
	MATT CHAR(10) NOT NULL,
	LOAI_GIATRI NVARCHAR(20) NOT NULL,
	NOIDUNG NVARCHAR(MAX)NOT NULL,
	MALOP CHAR(10) NOT NULL
	)
	ALTER TABLE THUOCTINH ADD CONSTRAINT PR_THUOCTINH PRIMARY KEY (MATT)
	GO
	-- BANG LOC DU LIEU DUA TREN THUOC TINH
	CREATE TABLE LOCDULIEU(
	MATT_LOC CHAR(10) NOT NULL,
	MATT CHAR(10) NOT NULL
	)
	ALTER TABLE LOCDULIEU ADD CONSTRAINT PR_LOCDULIEU PRIMARY KEY (MATT_LOC)
	-- BANG GIA TRI DU LIEU DUOC LOC
	GO
	CREATE TABLE GIATRILOC(
	TIEUDE_LOC NVARCHAR(100) NOT NULL,
	GIATRILOC NVARCHAR(MAX) NOT NULL,
	MATT_LOC CHAR(10) NOT NULL
	)
	ALTER TABLE GIATRILOC ADD CONSTRAINT PR_GIATRILOC PRIMARY KEY (TIEUDE_LOC)
	GO
	-- BANG MAU SAC
	CREATE TABLE MAUSAC(
	MAMAU CHAR(10) NOT NULL,
	LOAIMAU NVARCHAR(50) NOT NULL,
	TENMAU  NVARCHAR(100) NOT NULL)
	ALTER TABLE MAUSAC ADD CONSTRAINT PK_MAUSAC_MAMAU PRIMARY KEY (MAMAU)
	GO
	-- BANG HINH ANH VA MAU SAC
	GO
	CREATE TABLE HINHANH(
	 MASP CHAR(10) NOT NULL,
	 MAMAU CHAR(10) NOT NULL,
	 ANH_NEN NVARCHAR(MAX) NOT NULL,
	 ANH_1 NVARCHAR(MAX) NOT NULL,
	 ANH_2 NVARCHAR(MAX) NOT NULL,
	 ANH_3 NVARCHAR(MAX) NOT NULL,
	 ANH_4 NVARCHAR(MAX) NOT NULL,
	 ANH_KHAC NVARCHAR(MAX)  NULL,
	 )
	ALTER TABLE HINHANH ADD CONSTRAINT PK_HINHANH_MASP_MAMAU PRIMARY KEY (MASP,MAMAU)
	GO
	-- BANG LUOT TRUY CAP
	CREATE TABLE LUOTTRUYCAP(
	NGAY DATE NOT NULL,
	SOLUOT INT NULL,
	)
	 ALTER TABLE LUOTTRUYCAP ADD CONSTRAINT PK_LUOTTRUYCAP_NGAY PRIMARY KEY (NGAY)
	GO
	--BANG DON HANG
	CREATE TABLE DONHANG(
	MADH CHAR(10) NOT NULL ,
	TENKH NVARCHAR(100) NOT NULL,
	DIACHI NVARCHAR(MAX) NOT NULL,
	SDT_DATHANG INT NOT NULL,
	TONGIA MONEY NOT NULL,
	NGAYLAP DATE NOT NULL,
	PT_THANHTOAN NVARCHAR(100) NOT NULL,
	TRANGTHAI NVARCHAR(100) NOT NULL,
	MAKH CHAR(10)  NULL 
	)
	ALTER TABLE DONHANG ADD CONSTRAINT PK_DONHANG_MADH PRIMARY KEY (MADH)
	go
	-- BANG CHI TIET DON HANG
	CREATE TABLE CTDH(
	MADH CHAR(10) NOT NULL,
	MASP CHAR(10) NOT NULL ,
	SOLUONG INT NOT NULL
	)
	ALTER TABLE CTDH ADD CONSTRAINT PK_CTDH_MADH_MASP PRIMARY KEY (MADH,MASP)
	CREATE TABLE PHANHOI(
	EMAIL NVARCHAR(100) NOT NULL,
	HOTEN NVARCHAR(100) NOT NULL,
	SDT INT NOT NULL,
	THOIGIAN DATE NOT NULL,
	LOINHAN NVARCHAR(MAX) NOT NULL,
	)
	ALTER TABLE PHANHOI ADD CONSTRAINT PK_PHANHOI PRIMARY KEY(EMAIL)
	
	--- ADD FOREIGN KEY
	ALTER TABLE SANPHAM ADD CONSTRAINT FK_SP_CH FOREIGN KEY (MACH) REFERENCES CAUHINH(MACH) 
	
	ALTER TABLE DANHGIA ADD CONSTRAINT FK_DG_SP FOREIGN KEY (MASP) REFERENCES SANPHAM(MASP)
	
	ALTER TABLE HINHANH ADD CONSTRAINT FK_SP_HA FOREIGN KEY (MASP) REFERENCES SANPHAM(MASP) 
	
	ALTER TABLE HINHANH ADD CONSTRAINT FK_MS_HA FOREIGN KEY (MAMAU) REFERENCES MAUSAC(MAMAU) 
	
	ALTER TABLE DONHANG ADD CONSTRAINT FK_DH_KH FOREIGN KEY (MAKH) REFERENCES TAIKHOAN(ID) 
	
	ALTER TABLE CTDH ADD CONSTRAINT FK_CTDH_DH FOREIGN KEY (MADH) REFERENCES DONHANG(MADH) 
	
	ALTER TABLE CTDH ADD CONSTRAINT FK_CTDH_SP FOREIGN KEY (MASP) REFERENCES SANPHAM(MASP) 
	
	ALTER TABLE SANPHAM ADD CONSTRAINT FK_TH_SP FOREIGN KEY (MATH) REFERENCES THUONGHIEU(MATH)
	
	ALTER TABLE CH_CTTT ADD CONSTRAINT FR_CH FOREIGN KEY (MACH) REFERENCES CAUHINH(MACH)
	
	ALTER TABLE CH_CTTT ADD CONSTRAINT FR_TT FOREIGN KEY (MACT) REFERENCES CHITIET_THUOCTINH(MACT)
	
	ALTER TABLE CHITIET_THUOCTINH ADD CONSTRAINT FR_CT_TT FOREIGN KEY (MATT) REFERENCES THUOCTINH(MATT)

	ALTER TABLE LOCDULIEU ADD CONSTRAINT FR_LOC FOREIGN KEY (MATT) REFERENCES THUOCTINH(MATT)

	ALTER TABLE GIATRILOC ADD CONSTRAINT FR_GIATRILOC FOREIGN KEY (MATT_LOC)REFERENCES LOCDULIEU(MATT_LOC)
	
	ALTER TABLE GIOHANG ADD CONSTRAINT FK_MASP_GIOHANG FOREIGN KEY(MASP)REFERENCES SANPHAM(MASP)
	
	ALTER TABLE GIOHANG ADD CONSTRAINT FK_MAKH_GIOHANG FOREIGN KEY(MAKH)REFERENCES TAIKHOAN(ID)
	
	ALTER TABLE GIA_SP ADD CONSTRAINT FK_GIA_MASP FOREIGN KEY (MASP) REFERENCES SANPHAM(MASP)
	
	ALTER TABLE BINHLUAN ADD CONSTRAINT FK_SP_BL FOREIGN KEY(MASP) REFERENCES SANPHAM(MASP)
		
	ALTER TABLE TRALOI ADD CONSTRAINT FK_TL_BL FOREIGN KEY (MABL) REFERENCES BINHLUAN(MABL)
	
	ALTER TABLE THUOCTINH ADD CONSTRAINT FK_TT_LTT FOREIGN KEY (MALOP) REFERENCES LOP_THUOCTINH(MALOP)
	--INSERT VALUES
	SELECT * FROM BINHLUAN
	

-- Mật khẩu 123

INSERT INTO TAIKHOAN
VALUES('00','admin', '202cb962ac59075b964b07152d234b70','ENABLE','2005-12-11','ADMIN',N'Trần Thanh Bảo','0943417917',N'Bến Tre',NULL)
--Phần thêm các dữ liệu mẫu
INSERT INTO TAIKHOAN VALUES('01','', '202cb962ac59075b964b07152d234b70','ENABLE','2005-12-11','ADMIN',N'Trần Thanh Bảo','0943417917',N'Bến Tre',NULL)
select * from TAIKHOAN
select * from BINHLUAN
select * from CAUHINH
select * from CH_CTTT
select * from CHITIET_THUOCTINH
select * from CTDH
select * from DANHGIA
select * from DONHANG
select * from GIA_SP
select * from GIATRILOC
select * from GIOHANG
select * from HINHANH
select * from ICON_MENU
select * from LOCDULIEU
select * from LUOTTRUYCAP
select * from MAUSAC
select * from PHANHOI
select * from QL_GIAODIEN
select * from SANPHAM
select * from SDT_SHOP
select * from THONGTIN_SHOP
select * from THUOCTINH
select * from THUONGHIEU
select * from TRALOI
--THONG TIN SHOP
INSERT INTO THONGTIN_SHOP 
VALUES('00','Mobile','','fb.com/mobile-shop-nlu','youtube.com/mobile-shop-nlu',N'Khu phố 6, phường Linh Trung, quận Thủ Đức, thành phố Hồ Chí Minh')

--SO DIEN THOAI SHOP
INSERT INTO SDT_SHOP VALUES('18001099',N'Gọi mua hàng','(7:30 - 22:00)')
INSERT INTO SDT_SHOP VALUES('18001079',N'Gọi khiếu nại','(8:00 - 21:30)')
INSERT INTO SDT_SHOP VALUES('18001069 ',N'Gọi bảo hành','(8:00 - 21:00)')
--QUAN LY GIAO DIEN
INSERT INTO QL_GIAODIEN VALUES('GD01','white','#3f89d8','#000000c2','black')
--ICON MENU
INSERT INTO ICON_MENU VALUES('IC1','img/img1.jpg',N'Liên hệ & hỗ trợ')
INSERT INTO ICON_MENU VALUES('IC2','img/img2.jpg',N'Kiểm tra đơn hàng')
INSERT INTO ICON_MENU VALUES('IC3','img/img3.jpg',N'Tài khoản')
INSERT INTO ICON_MENU VALUES('IC4','img/img4.jpg',N'Giỏ hàng')
-- TAI KHOAN

--THUONG HIEU
INSERT INTO THUONGHIEU VALUES('TH01','Apple',0)
INSERT INTO THUONGHIEU VALUES('TH02','Samsung',0)
INSERT INTO THUONGHIEU VALUES('TH03','OPPO',0)
INSERT INTO THUONGHIEU VALUES('TH04','Xiaomi',0)
INSERT INTO THUONGHIEU VALUES('TH05','Vivo',0)
INSERT INTO THUONGHIEU VALUES('TH06','Huawei',0)
INSERT INTO THUONGHIEU VALUES('TH07','Realme',0)
INSERT INTO THUONGHIEU VALUES('TH08','Nokia',0)
--CAUHINH 
INSERT INTO CAUHINH VALUES('CH001',0)
INSERT INTO CAUHINH VALUES('CH02',0)
INSERT INTO CAUHINH VALUES('CH03',0)
INSERT INTO CAUHINH VALUES('CH04',0)
INSERT INTO CAUHINH VALUES('CH05',0)
INSERT INTO CAUHINH VALUES('CH06',0)
INSERT INTO CAUHINH VALUES('CH07',0)
INSERT INTO CAUHINH VALUES('CH08',0)
INSERT INTO CAUHINH VALUES('CH09',0)
INSERT INTO CAUHINH VALUES('CH10',0)
--LOP THUOC TINH
INSERT INTO LOP_THUOCTINH VALUES('MH',N'Màn hình',0)
INSERT INTO LOP_THUOCTINH VALUES('CS',N'Camera sau',0)
INSERT INTO LOP_THUOCTINH VALUES('CT',N'Camera trước',0)
INSERT INTO LOP_THUOCTINH VALUES('HDHCPU',N'Hệ điều hành & CPU',0)
INSERT INTO LOP_THUOCTINH VALUES('BNLT',N'Bộ nhớ & Lưu trữ',0)
INSERT INTO LOP_THUOCTINH VALUES('KN',N'Kết nối',0)
INSERT INTO LOP_THUOCTINH VALUES('TKTL',N'Thiết kế & Trọng lượng',0)
INSERT INTO LOP_THUOCTINH VALUES('PS',N'Pin & Sạc',0)
INSERT INTO LOP_THUOCTINH VALUES('TI',N'Tiện ích',0)
INSERT INTO LOP_THUOCTINH VALUES('TTK',N'Thông tin khác',0)
--THUOC TINH
INSERT INTO THUOCTINH VALUES('TT01','VB',N'Công nghệ màn hình','MH')
INSERT INTO THUOCTINH VALUES('TT02','VB',N'Độ phân giải','MH')
INSERT INTO THUOCTINH VALUES('TT03','SO',N'Màn hình rộng','MH')
INSERT INTO THUOCTINH VALUES('TT04','VB',N'Mặt kính cảm ứng','MH')
INSERT INTO THUOCTINH VALUES('TT05','SO',N'Độ phân giải','CS')
INSERT INTO THUOCTINH VALUES('TT06','VB',N'Quay phim','CS')
INSERT INTO THUOCTINH VALUES('TT07','VB',N'Đèn Flash','CS')
INSERT INTO THUOCTINH VALUES('TT08','VB',N'Tính năng','CS')
INSERT INTO THUOCTINH VALUES('TT09','SO',N'Độ phân giải','CT')
INSERT INTO THUOCTINH VALUES('TT10','VB',N'Videocall','CT')
INSERT INTO THUOCTINH VALUES('TT11','VB',N'Tính năng','CT')
INSERT INTO THUOCTINH VALUES('TT12','VB',N'Hệ điều hành','HDHCPU')
INSERT INTO THUOCTINH VALUES('TT13','VB',N'Chip xử lý (CPU)','HDHCPU')
INSERT INTO THUOCTINH VALUES('TT14','SO',N'Tốc độ CPU','HDHCPU')
INSERT INTO THUOCTINH VALUES('TT15','VB',N'Chip đồ họa (GPU)','HDHCPU')
INSERT INTO THUOCTINH VALUES('TT16','SO',N'RAM','BNLT')
INSERT INTO THUOCTINH VALUES('TT17','SO',N'Bộ nhớ trong','BNLT')
INSERT INTO THUOCTINH VALUES('TT18','SO',N'Thẻ nhớ ngoài','BNLT')
INSERT INTO THUOCTINH VALUES('TT19','VB',N'Mạng di động','KN')
INSERT INTO THUOCTINH VALUES('TT20','VB',N'SIM','KN')
INSERT INTO THUOCTINH VALUES('TT21','VB',N'Wifi','KN')
INSERT INTO THUOCTINH VALUES('TT22','VB',N'GBS','KN')
INSERT INTO THUOCTINH VALUES('TT23','VB',N'Bluetooth','KN')
INSERT INTO THUOCTINH VALUES('TT24','VB',N'Cổng kết nối/sạc','KN')
INSERT INTO THUOCTINH VALUES('TT25','VB',N'Jack tai nghe','KN')
INSERT INTO THUOCTINH VALUES('TT26','VB',N'Kết nối khác','KN')
INSERT INTO THUOCTINH VALUES('TT27','VB',N'Thiết kế','TKTL')
INSERT INTO THUOCTINH VALUES('TT28','VB',N'Chất liệu','TKTL')
INSERT INTO THUOCTINH VALUES('TT29','VB',N'Kích thước','TKTL')
INSERT INTO THUOCTINH VALUES('TT30','SO',N'Trọng lượng','TKTL')
INSERT INTO THUOCTINH VALUES('TT31','SO',N'Dung lượng pin','PS')
INSERT INTO THUOCTINH VALUES('TT32','VB',N'Loại pin','PS')
INSERT INTO THUOCTINH VALUES('TT33','VB',N'Công nghệ pin','PS')
INSERT INTO THUOCTINH VALUES('TT34','VB',N'Bảo mật nâng cao','TI')
INSERT INTO THUOCTINH VALUES('TT35','VB',N'Tính năng đặc biệt','TI')
INSERT INTO THUOCTINH VALUES('TT36','VB',N'Ghi âm','TI')
INSERT INTO THUOCTINH VALUES('TT37','VB',N'Radio','TI')
INSERT INTO THUOCTINH VALUES('TT38','VB',N'Xem phim','TI')
INSERT INTO THUOCTINH VALUES('TT39','VB',N'Nghe nhạc','TI')
INSERT INTO THUOCTINH VALUES('TT40','VB',N'Thời điểm ra mắt','TTK')
--CHI TIET THUOC TINH
INSERT INTO CHITIET_THUOCTINH VALUES('CT01','OLED','ODLED','TT01')
INSERT INTO CHITIET_THUOCTINH VALUES('CT02','Super AMOLED Plus','Super AMOLED Plus','TT01')
INSERT INTO CHITIET_THUOCTINH VALUES('CT03','TFT LCD','TFT LCD','TT01')
INSERT INTO CHITIET_THUOCTINH VALUES('CT04','AMOLED','AMOLED','TT01')
INSERT INTO CHITIET_THUOCTINH VALUES('CT05','IPS LCD','IPS LCD','TT01')

INSERT INTO CHITIET_THUOCTINH VALUES('CT11','1170 x 2532','1170 x 2532 Pixels','TT02')
INSERT INTO CHITIET_THUOCTINH VALUES('CT12','1080 x 2400','Full HD+ (1080 x 2400 Pixels)','TT02')
INSERT INTO CHITIET_THUOCTINH VALUES('CT13','720 x 1600','HD+ (720 x 1600 Pixels)','TT02')

INSERT INTO CHITIET_THUOCTINH VALUES('CT21','6.1','6.1"','TT03')
INSERT INTO CHITIET_THUOCTINH VALUES('CT22','6.7','6.7"','TT03')
INSERT INTO CHITIET_THUOCTINH VALUES('CT23','6.5','6.5"','TT03')
INSERT INTO CHITIET_THUOCTINH VALUES('CT24','6.44','6.44"','TT03')
INSERT INTO CHITIET_THUOCTINH VALUES('CT25','6.5','6.5"','TT03')

INSERT INTO CHITIET_THUOCTINH VALUES('CT31','Ceramic Shield','Kính cường lực Ceramic Shield','TT04')
INSERT INTO CHITIET_THUOCTINH VALUES('CT32','2.5D','Mặt kính cong 2.5D','TT04')
INSERT INTO CHITIET_THUOCTINH VALUES('CT33','Corning Gorilla Glass 3','Kính cường lực Corning Gorilla Glass 3','TT04')
INSERT INTO CHITIET_THUOCTINH VALUES('CT34','Schott Xensation UP','Kính cường lực Schott Xensation UP','TT04')


INSERT INTO CHITIET_THUOCTINH VALUES('CT41','12','2 camera 12 MP','TT05')
INSERT INTO CHITIET_THUOCTINH VALUES('CT42','64','Chính 64 MP & Phụ 12 MP, 5 MP, 5 MP','TT05')
INSERT INTO CHITIET_THUOCTINH VALUES('CT43','48','Chính 48 MP & Phụ 8 MP, 2 MP, 2 MP','TT05')
INSERT INTO CHITIET_THUOCTINH VALUES('CT44','64','Chính 64 MP & Phụ 8 MP, 2 MP','TT05')
INSERT INTO CHITIET_THUOCTINH VALUES('CT45','13','Chính 13 MP & Phụ 8 MP, 2 MP, 2 MP','TT05')

INSERT INTO CHITIET_THUOCTINH VALUES('CT51','4K 2160p@30fps','4K 2160p@30fps','TT06')
INSERT INTO CHITIET_THUOCTINH VALUES('CT52','FullHD 1080p@30fps, 4K 2160p@30fps','FullHD 1080p@30fps, 4K 2160p@30fps','TT06')
INSERT INTO CHITIET_THUOCTINH VALUES('CT53','4K 2160p@30fps','4K 2160p@30fps','TT06')
INSERT INTO CHITIET_THUOCTINH VALUES('CT54','4K 2160p@60fps, FullHD 1080p@60fps','4K 2160p@60fps, FullHD 1080p@60fps','TT06')
INSERT INTO CHITIET_THUOCTINH VALUES('CT55','HD 720p@30fps, FullHD 1080p@30fps','HD 720p@30fps, FullHD 1080p@30fps','TT06')

INSERT INTO CHITIET_THUOCTINH VALUES('CT61','Đèn LED kép','Đèn LED kép','TT07')
INSERT INTO CHITIET_THUOCTINH VALUES('CT62','Có','Có','TT07')

INSERT INTO CHITIET_THUOCTINH VALUES('CT71','Ban đêm (Night Mode)','Ban đêm (Night Mode)','TT08')
INSERT INTO CHITIET_THUOCTINH VALUES('CT72','Trôi nhanh thời gian (Time Lapse)','Trôi nhanh thời gian (Time Lapse)','TT08')
INSERT INTO CHITIET_THUOCTINH VALUES('CT73','Quay chậm (Slow Motion)','Quay chậm (Slow Motion)','TT08')
INSERT INTO CHITIET_THUOCTINH VALUES('CT74','Xóa phông','Xóa phông','TT08')
INSERT INTO CHITIET_THUOCTINH VALUES('CT75','Zoom quang học','Zoom quang học','TT08')
INSERT INTO CHITIET_THUOCTINH VALUES('CT76','Toàn cảnh (Panorama)','Toàn cảnh (Panorama)','TT08')
INSERT INTO CHITIET_THUOCTINH VALUES('CT77','Tự động lấy nét (AF)','Tự động lấy nét (AF)','TT08')
INSERT INTO CHITIET_THUOCTINH VALUES('CT78','A.I Camera','A.I Camera','TT08')
INSERT INTO CHITIET_THUOCTINH VALUES('CT79','HDR','HDR','TT08')
INSERT INTO CHITIET_THUOCTINH VALUES('CT710','Góc siêu rộng (Ultrawide)','Góc siêu rộng (Ultrawide)','TT08')
INSERT INTO CHITIET_THUOCTINH VALUES('CT711','Siêu cận (Macro)','Siêu cận (Macro)','TT08')

INSERT INTO CHITIET_THUOCTINH VALUES('CT81','12','12 MP','TT09')
INSERT INTO CHITIET_THUOCTINH VALUES('CT82','32','32 MP','TT09')
INSERT INTO CHITIET_THUOCTINH VALUES('CT83','16','16 MP','TT09')
INSERT INTO CHITIET_THUOCTINH VALUES('CT84','44','44 MP','TT09')
INSERT INTO CHITIET_THUOCTINH VALUES('CT85','8','8 MP','TT09')

INSERT INTO CHITIET_THUOCTINH VALUES('CT91','Có','Có','TT10')
INSERT INTO CHITIET_THUOCTINH VALUES('CT92','Thông qua ứng dụng thứ 3','Thông qua ứng dụng thứ 3','TT10')

INSERT INTO CHITIET_THUOCTINH VALUES('CT101','Xóa phông','Xóa phông','TT11')
INSERT INTO CHITIET_THUOCTINH VALUES('CT102','Quay phim 4K','Quay phim 4K','TT11')
INSERT INTO CHITIET_THUOCTINH VALUES('CT103','Nhãn dán (AR Stickers)','Nhãn dán (AR Stickers)','TT11')
INSERT INTO CHITIET_THUOCTINH VALUES('CT104','Retina Flash','Retina Flash','TT11')
INSERT INTO CHITIET_THUOCTINH VALUES('CT105','Quay video HD','Quay video HD','TT11')
INSERT INTO CHITIET_THUOCTINH VALUES('CT106','Nhận diện khuôn mặt','Nhận diện khuôn mặt','TT11')
INSERT INTO CHITIET_THUOCTINH VALUES('CT107','Quay chậm (Slow Motion)','Quay chậm (Slow Motion)','TT11')

INSERT INTO CHITIET_THUOCTINH VALUES('CT111','Android','Android 10','TT12')
INSERT INTO CHITIET_THUOCTINH VALUES('CT112','Android','Android 11','TT12')
INSERT INTO CHITIET_THUOCTINH VALUES('CT112','iOS','iOS 14','TT12')

INSERT INTO CHITIET_THUOCTINH VALUES('CT121','Apple A14 Bionic 6 nhân','Apple A14 Bionic 6 nhân','TT13')
INSERT INTO CHITIET_THUOCTINH VALUES('CT122','Snapdragon 730 8 nhân','Snapdragon 730 8 nhân','TT13')
INSERT INTO CHITIET_THUOCTINH VALUES('CT123','Snapdragon 665 8 nhân','Snapdragon 665 8 nhân','TT13')
INSERT INTO CHITIET_THUOCTINH VALUES('CT124','Snapdragon 460 8 nhân','Snapdragon 460 8 nhân','TT13')

INSERT INTO CHITIET_THUOCTINH VALUES('CT131','1.8','4 nhân 1.8 GHz & 4 nhân 1.6 GHz','TT14')
INSERT INTO CHITIET_THUOCTINH VALUES('CT132','2.3','2 nhân 2.3 Ghz & 6 nhân 1.8 Ghz','TT14')
INSERT INTO CHITIET_THUOCTINH VALUES('CT133','2.0','4 nhân 2.0 GHz & 4 nhân 1.8 GHz','TT14')
INSERT INTO CHITIET_THUOCTINH VALUES('CT134','2.2 GHz','2 nhân 2.2 GHz & 6 nhân 1.8 GHz','TT14')
INSERT INTO CHITIET_THUOCTINH VALUES('CT135','3.1 GHz','2 nhân 3.1 GHz & 4 nhân 1.8 GHz','TT14')

INSERT INTO CHITIET_THUOCTINH VALUES('CT141','Adreno 618','Adreno 618','TT15')
INSERT INTO CHITIET_THUOCTINH VALUES('CT142','Adreno 610','Adreno 610','TT15')
INSERT INTO CHITIET_THUOCTINH VALUES('CT143','Apple GPU 6 nhân','Apple GPU 6 nhân','TT15')

INSERT INTO CHITIET_THUOCTINH VALUES('CT151','4','4 GB','TT16')
INSERT INTO CHITIET_THUOCTINH VALUES('CT152','8','8 GB','TT16')
INSERT INTO CHITIET_THUOCTINH VALUES('CT153','6','6 GB','TT16')

INSERT INTO CHITIET_THUOCTINH VALUES('CT161','128','128 GB','TT17')

INSERT INTO CHITIET_THUOCTINH VALUES('CT171','512','MicroSD, hỗ trợ tối đa 512 GB','TT18')
INSERT INTO CHITIET_THUOCTINH VALUES('CT171','256','MicroSD, hỗ trợ tối đa 256 GB','TT18')

INSERT INTO CHITIET_THUOCTINH VALUES('CT181','Hỗ trợ 5G','Hỗ trợ 5G','TT19')
INSERT INTO CHITIET_THUOCTINH VALUES('CT182','Hỗ trợ 4G','Hỗ trợ 4G','TT19')

INSERT INTO CHITIET_THUOCTINH VALUES('CT191','2 Nano SIM','2 Nano SIM','TT20')
INSERT INTO CHITIET_THUOCTINH VALUES('CT191','1 Nano SIM & 1 eSIM','1 Nano SIM & 1 eSIM','TT20')

INSERT INTO CHITIET_THUOCTINH VALUES('CT201','Dual-band (2.4 GHz/5 GHz)','Dual-band (2.4 GHz/5 GHz)','TT21')
INSERT INTO CHITIET_THUOCTINH VALUES('CT202','v','Wi-Fi 802.11 a/b/g/n/ac/ax','TT21')
INSERT INTO CHITIET_THUOCTINH VALUES('CT203','Wi-Fi MIMO','Wi-Fi MIMO','TT21')
INSERT INTO CHITIET_THUOCTINH VALUES('CT204','Wi-Fi hotspot','Wi-Fi hotspot','TT21')

INSERT INTO CHITIET_THUOCTINH VALUES('CT211','GLONASS','GLONASS','TT22')
INSERT INTO CHITIET_THUOCTINH VALUES('CT211','GALILEO','GALILEO','TT22')
INSERT INTO CHITIET_THUOCTINH VALUES('CT211','BDS','BDS','TT22')
INSERT INTO CHITIET_THUOCTINH VALUES('CT211','A-GPS','A-GPS','TT22')
INSERT INTO CHITIET_THUOCTINH VALUES('CT211','v5.0','v5.0','TT22')
INSERT INTO CHITIET_THUOCTINH VALUES('CT211','A2DP','A2DP','TT22')
	
INSERT INTO CHITIET_THUOCTINH VALUES('CT221','v5.0','v5.0','TT23')
INSERT INTO CHITIET_THUOCTINH VALUES('CT222','A2DP','A2DP','TT23')
INSERT INTO CHITIET_THUOCTINH VALUES('CT223','LE','LE','TT23')

INSERT INTO CHITIET_THUOCTINH VALUES('CT231','USB Type-C','USB Type-C','TT24')
INSERT INTO CHITIET_THUOCTINH VALUES('CT232','Lightning','Lightning','TT24')

INSERT INTO CHITIET_THUOCTINH VALUES('CT241','3.5 mm','3.5 mm','TT25')
INSERT INTO CHITIET_THUOCTINH VALUES('CT241','Lightning','Lightning','TT25')

INSERT INTO CHITIET_THUOCTINH VALUES('CT251','OTG','OTG','TT26')

INSERT INTO CHITIET_THUOCTINH VALUES('CT261','Nguyên khối','Nguyên khối','TT27')

INSERT INTO CHITIET_THUOCTINH VALUES('CT271','Khung nhôm & Mặt lưng kính cường lực','Khung nhôm & Mặt lưng kính cường lực','TT28')
INSERT INTO CHITIET_THUOCTINH VALUES('CT272','Khung & Mặt lưng nhựa','Khung & Mặt lưng nhựa','TT28')
INSERT INTO CHITIET_THUOCTINH VALUES('CT273','Khung nhựa & Mặt lưng kính','Khung nhựa & Mặt lưng kính','TT28')

INSERT INTO CHITIET_THUOCTINH VALUES('CT281','Dài 161.3 mm - Ngang 74.2 mm - Dày 7.38 mm','Dài 161.3 mm - Ngang 74.2 mm - Dày 7.38 mm','TT29')
INSERT INTO CHITIET_THUOCTINH VALUES('CT281','Dài 146.7 mm - Ngang 71.5 mm - Dày 7.4 mm','Dài 146.7 mm - Ngang 71.5 mm - Dày 7.4 mm','TT29')
INSERT INTO CHITIET_THUOCTINH VALUES('CT281','Dài 163.9 mm - Ngang 76.3 mm - Dày 9.5 mm','Dài 163.9 mm - Ngang 76.3 mm - Dày 9.5 mm','TT29')
INSERT INTO CHITIET_THUOCTINH VALUES('CT281','Dài 164.1 mm - Ngang 75.5 mm - Dày 8.9 mm','Dài 164.1 mm - Ngang 75.5 mm - Dày 8.9 mm','TT29')
INSERT INTO CHITIET_THUOCTINH VALUES('CT281','Dài 162 mm - Ngang 75.5 mm - Dày 8.9 mm','Dài 162 mm - Ngang 75.5 mm - Dày 8.9 mm','TT29')

INSERT INTO CHITIET_THUOCTINH VALUES('CT291','164','164 g','TT30')
INSERT INTO CHITIET_THUOCTINH VALUES('CT292','213','213 g','TT30')
INSERT INTO CHITIET_THUOCTINH VALUES('CT293','192','192 g','TT30')
INSERT INTO CHITIET_THUOCTINH VALUES('CT294','171','171 g','TT30')
INSERT INTO CHITIET_THUOCTINH VALUES('CT295','188','188 g','TT30')

INSERT INTO CHITIET_THUOCTINH VALUES('CT301','2815','2815 mAh','TT31')
INSERT INTO CHITIET_THUOCTINH VALUES('CT302','7000','7000 mAh','TT31')
INSERT INTO CHITIET_THUOCTINH VALUES('CT303','5000','5000 mAh','TT31')
INSERT INTO CHITIET_THUOCTINH VALUES('CT304','4000','4000 mAh','TT31')

INSERT INTO CHITIET_THUOCTINH VALUES('CT311','Li-Ion','Li-Ion','TT32')
INSERT INTO CHITIET_THUOCTINH VALUES('CT312','Li-Po','Li-Po','TT32')

INSERT INTO CHITIET_THUOCTINH VALUES('CT321','Sạc pin nhanh','Sạc pin nhanh','TT33')
INSERT INTO CHITIET_THUOCTINH VALUES('CT322','Sạc không dây MagSafe','Sạc không dây MagSafe','TT33')
INSERT INTO CHITIET_THUOCTINH VALUES('CT323','Tiết kiệm pin','Tiết kiệm pin','TT33')
INSERT INTO CHITIET_THUOCTINH VALUES('CT324','Sạc không dây','Sạc không dây','TT33')
INSERT INTO CHITIET_THUOCTINH VALUES('CT325','Siêu tiết kiệm pin','Siêu tiết kiệm pin','TT33')
	
INSERT INTO CHITIET_THUOCTINH VALUES('CT331','Mở khoá khuôn mặt Face ID','Mở khoá khuôn mặt Face ID','TT34')
INSERT INTO CHITIET_THUOCTINH VALUES('CT332','Mở khoá khuôn mặt, Mở khoá vân tay cạnh viền','Mở khoá khuôn mặt, Mở khoá vân tay cạnh viền','TT34')
INSERT INTO CHITIET_THUOCTINH VALUES('CT333','Mở khoá vân tay dưới màn hình, Mở khoá khuôn mặt','Mở khoá vân tay dưới màn hình, Mở khoá khuôn mặt','TT34')

INSERT INTO CHITIET_THUOCTINH VALUES('CT341','Kháng nước, kháng bụi','Kháng nước, kháng bụi','TT35')
INSERT INTO CHITIET_THUOCTINH VALUES('CT342','Chặn tin nhắn, Chặn cuộc gọi','Chặn tin nhắn, Chặn cuộc gọi','TT35')
INSERT INTO CHITIET_THUOCTINH VALUES('CT343','Khoá ứng dụng','Khoá ứng dụng','TT35')
INSERT INTO CHITIET_THUOCTINH VALUES('CT344','Nhân bản ứng dụng','Nhân bản ứng dụng','TT35')
INSERT INTO CHITIET_THUOCTINH VALUES('CT345','Đa cửa sổ (chia đôi màn hình)','Đa cửa sổ (chia đôi màn hình)','TT35')
INSERT INTO CHITIET_THUOCTINH VALUES('CT346','Không gian trò chơi','Không gian trò chơi','TT35')
INSERT INTO CHITIET_THUOCTINH VALUES('CT347','Trợ lý ảo Jovi','Trợ lý ảo Jovi','TT35')

INSERT INTO CHITIET_THUOCTINH VALUES('CT351','Có','Có','TT36')
INSERT INTO CHITIET_THUOCTINH VALUES('CT351','Có (microphone chuyên dụng chống ồn)','Có (microphone chuyên dụng chống ồn)','TT36')

INSERT INTO CHITIET_THUOCTINH VALUES('CT361','Có','Có','TT37')

INSERT INTO CHITIET_THUOCTINH VALUES('CT371','H.264(MPEG4-AVC)','H.264(MPEG4-AVC)','TT38')
INSERT INTO CHITIET_THUOCTINH VALUES('CT372','AVI','AVI','TT38')
INSERT INTO CHITIET_THUOCTINH VALUES('CT373','MP4','MP4','TT38')
INSERT INTO CHITIET_THUOCTINH VALUES('CT374','WMV','WMV','TT38')
INSERT INTO CHITIET_THUOCTINH VALUES('CT375','3GP, MP4','3GP, MP4','TT38')

INSERT INTO CHITIET_THUOCTINH VALUES('CT381','AMR','AMR','TT39')
INSERT INTO CHITIET_THUOCTINH VALUES('CT382','eAAC+','eAAC+','TT39')
INSERT INTO CHITIET_THUOCTINH VALUES('CT383','WAV','WAV','TT39')
INSERT INTO CHITIET_THUOCTINH VALUES('CT384','MP3','MP3','TT39')
INSERT INTO CHITIET_THUOCTINH VALUES('CT385','Lossless','Lossless','TT39')
INSERT INTO CHITIET_THUOCTINH VALUES('CT386','FLAC','FLAC','TT39')

INSERT INTO CHITIET_THUOCTINH VALUES('CT391','10/2020','10/2020','TT40')
INSERT INTO CHITIET_THUOCTINH VALUES('CT392','05/2020','05/2020','TT40')
INSERT INTO CHITIET_THUOCTINH VALUES('CT393','09/2020','09/2020','TT40')
INSERT INTO CHITIET_THUOCTINH VALUES('CT394','11/2020','11/2020','TT40')
