	DROP DATABASE MOBILESHOP
	CREATE DATABASE MOBILESHOP;
	USE  MOBILESHOP;
	SET DATEFORMAT DMY;		
	--THONG TIN CHUNG CUA SHOP
	GO

	


	CREATE TABLE THONGTIN_SHOP(
	ID  NVARCHAR(10) NOT NULL,
	TENSHOP NVARCHAR(100) NOT NULL,
	CHINHSACH NVARCHAR(MAX) NOT NULL,
	DC_FB NVARCHAR(MAX) NULL,
	DC_YTB NVARCHAR(MAX) NULL,
	DC_THUC NVARCHAR(MAX) NOT NULL,
	)

	ALTER TABLE THONGTIN_SHOP ADD CONSTRAINT PK_TT_SHOP PRIMARY KEY (TENSHOP)
	GO	
	CREATE TABLE SDT_SHOP(
	SDT NVARCHAR(15) NOT NULL,
	TIEUDE NVARCHAR(100) NOT NULL,
	GIO_HD NVARCHAR(100) NOT NULL,
	)
	ALTER TABLE SDT_SHOP ADD CONSTRAINT PK_SDT PRIMARY KEY (SDT)
	GO 
	
	CREATE TABLE QL_GIAODIEN(
	MAGD CHAR(10) NOT NULL,
	MAU_NEN NVARCHAR(30) NOT NULL,
	MAU_CHUDAO NVARCHAR(30) NOT NULL,
	MAU_THANHLOC NVARCHAR(30) NOT NULL,
	MAU_CHU NVARCHAR(30) NOT NULL,
	)
	ALTER TABLE QL_GIAODIEN ADD CONSTRAINT PK_GD PRIMARY KEY (MAGD)

	CREATE TABLE ICON_MENU(
	MAIC CHAR(10) NOT NULL,
	ICON NVARCHAR(MAX) NOT NULL,
	TIEUDE NVARCHAR(20)NOT NULL
	)
	ALTER TABLE ICON_MENU ADD CONSTRAINT PK_IC PRIMARY KEY (MAIC)

	
	-- THONG TIN CO SO DU LIEU HE THONG
	GO
	--BANG NGUOI DUNG
	
	CREATE TABLE TAIKHOAN(
	ID INT  NOT NULL ,
	EMAIL NVARCHAR(100) NOT NULL,
	MATKHAU NVARCHAR(40)NOT  NULL,
	TRANGTHAI NVARCHAR(50)NOT  NULL,
	NGAYTAO DATE NOT NULL,
	QUYENHAN NVARCHAR(50) NOT NULL,
	TENND NVARCHAR(80) NOT  NULL,
	SDT NVARCHAR(12) NOT NULL,
	DIACHI NVARCHAR(200)NOT NULL,
	TOKENREMEMBER NVARCHAR(600) NULL,	
	)	
	ALTER TABLE TAIKHOAN ADD CONSTRAINT PK_MAKH PRIMARY KEY (ID)
	GO

   -- BANG DANH GIA
	GO	
	
	CREATE TABLE DANHGIA(
	MASP  CHAR(10) NOT NULL,
	MAKH CHAR(10) NOT NULL,
	MUCDANHGIA INT NOT NULL,
	NOIDUN_DG NVARCHAR(500) NOT NULL,
	NGAYDANHGIA DATE NOT NULL
	)
	ALTER TABLE DANHGIA ADD CONSTRAINT PK_DANHGIA_MASP PRIMARY KEY (MASP,MAKH)
	GO
	--BANG THUONG HIEU
	CREATE TABLE THUONGHIEU( 
	 MATH CHAR(10) NOT NULL,
	 TENTH NVARCHAR(100) NOT NULL,
	 TRANGTHAI NVARCHAR(100) NOT NULL,
	 SLDT INT NULL)
	ALTER TABLE THUONGHIEU ADD CONSTRAINT PR_MATH PRIMARY KEY (MATH)
	GO
	 -- BANG SAN PHAM
	CREATE TABLE SANPHAM(
	MASP CHAR(10) NOT NULL,
	TENSP NVARCHAR(500) NOT NULL,
	LOAI_SP NVARCHAR(100) NOT NULL,
	MATH CHAR(10) NOT NULL,
	TINHTRANG NVARCHAR(100) NOT NULL,
	NGAYCAPNHAT DATE NOT NULL,
	GIOITHIEU NVARCHAR(MAX) NOT NULL,
	LUOTXEM INT NOT NULL,
	MACH CHAR(10) NOT NULL,	
	)
	ALTER TABLE SANPHAM ADD CONSTRAINT PK_SANPHAM_MASP PRIMARY KEY (MASP)
		GO
	--BANG BINH LUAN
	
	CREATE TABLE BINHLUAN(
	MABL CHAR(10) NOT NULL,
	TEN_NGUOIBL NVARCHAR(100) NOT NULL,
	NOIDUNG_BL NVARCHAR(500) NOT NULL,
	TRANGTHAI NVARCHAR(50) NOT NULL,
	NGAYBL DATE NOT NULL,
	MASP CHAR(10) NOT NULL,
	)
	
	ALTER TABLE BINHLUAN ADD CONSTRAINT PK_BL PRIMARY KEY(MABL)
	--BANG TRA LOI
	
	CREATE TABLE TRALOI(
	MATL CHAR(10) NOT NULL,
	TEN_NGUOITL NVARCHAR(100) NOT NULL,
	NOIDUNG_TL NVARCHAR(500) NOT NULL,
	LOAI_TL NVARCHAR(50) NOT NULL,
	TRANGTHAI NVARCHAR(50) NOT NULL,
	NGAYTL DATE NOT NULL,
	MABL CHAR(10) NOT NULL,
	)
	ALTER TABLE TRALOI ADD CONSTRAINT PK_TL PRIMARY KEY(MATL)
	-- BANG GIA
	GO

	CREATE TABLE GIA_SP(
	MASP CHAR(10) NOT NULL,
	NGAYCAPNHAT DATE NOT NULL,
	GIA int NOT NULL,
	GIA_KM int NULL
	)
	ALTER TABLE GIA_SP ADD CONSTRAINT PK_GIA_MASP_NGAY PRIMARY KEY(MASP,NGAYCAPNHAT)
	GO
	-- BANG CAU HINH
		
	CREATE TABLE CAUHINH(
	MACH CHAR(10) NOT NULL,
	SLTT INT NOT NULL,
	)
	GO
	ALTER TABLE CAUHINH ADD CONSTRAINT PR_CAUHINH PRIMARY KEY (MACH)
	-- BANG CAU HINH - CHI TIET THUOC TINH
	
	CREATE TABLE CH_CTTT(
	MACH CHAR(10) NOT NULL,
	MACT CHAR(10) NOT NULL,
	)
	GO
	ALTER TABLE CH_CTTT ADD CONSTRAINT PR_CH_CTTT PRIMARY KEY (MACH,MACT)
	-- BANG CHI TIET THUOC TINH

	CREATE TABLE CHITIET_THUOCTINH(
	MACT CHAR(10) NOT NULL,
	GIATRI NVARCHAR(50) NOT NULL,
	NOIDUNG NVARCHAR(MAX) NOT NULL,
	MATT CHAR(10) NOT NULL,
	)	
	ALTER TABLE CHITIET_THUOCTINH ADD CONSTRAINT PR_CHITIET_THUOCTINH PRIMARY KEY (MACT)
	GO
	--BANG THUOC TINH NHOM
		
	CREATE TABLE LOP_THUOCTINH(
	MALOP CHAR(10) NOT NULL,
	NOIDUNG NVARCHAR(100) NOT NULL,
	SLTT INT NOT NULL)
	ALTER TABLE LOP_THUOCTINH ADD CONSTRAINT PK_LTT PRIMARY KEY (MALOP)
	
	-- BANG THUOC TINH
	
	CREATE TABLE THUOCTINH(
	MATT CHAR(10) NOT NULL,
	LOAI_GIATRI NVARCHAR(20) NOT NULL,
	NOIDUNG NVARCHAR(MAX)NOT NULL,
	MALOP CHAR(10) NOT NULL
	)
	ALTER TABLE THUOCTINH ADD CONSTRAINT PR_THUOCTINH PRIMARY KEY (MATT)
	GO
	-- BANG LOC DU LIEU DUA TREN THUOC TINH

	CREATE TABLE LOCDULIEU(
	MATT_LOC CHAR(10) NOT NULL,
	MATT CHAR(10) NOT NULL
	)
	ALTER TABLE LOCDULIEU ADD CONSTRAINT PR_LOCDULIEU PRIMARY KEY (MATT_LOC)
	-- BANG GIA TRI DU LIEU DUOC LOC
	GO
	CREATE TABLE GIATRILOC(
	TIEUDE_LOC NVARCHAR(100) NOT NULL,
	GIATRILOC NVARCHAR(MAX) NOT NULL,
	MATT_LOC CHAR(10) NOT NULL
	)
	ALTER TABLE GIATRILOC ADD CONSTRAINT PR_GIATRILOC PRIMARY KEY (TIEUDE_LOC)
	GO
	-- BANG MAU SAC
		
	CREATE TABLE MAUSAC(
	MAMAU CHAR(10) NOT NULL,
	RGB CHAR(20) NOT NULL,
	TENMAU  NVARCHAR(100) NOT NULL)
	ALTER TABLE MAUSAC ADD CONSTRAINT PK_MAUSAC_MAMAU PRIMARY KEY (MAMAU)
	GO
	-- BANG HINH ANH VA MAU SAC
	GO
	CREATE TABLE SOLUONG_SP(
	MASP CHAR(10) NOT NULL,
	MAMAU CHAR(10) NOT NULL,
	SOLUONG INT NOT NULL,
	SL_DABAN INT NOT NULL
	)
	ALTER TABLE SOLUONG_SP ADD CONSTRAINT PK_SOLUONG PRIMARY KEY (MASP,MAMAU)
	CREATE TABLE HINHANH(
	 MASP CHAR(10) NOT NULL,
	 MAMAU CHAR(10) NOT NULL,
	 ANH NVARCHAR(300) NOT NULL,
	 LOAIANH CHAR(10) NOT NULL,
	 )
 	ALTER TABLE HINHANH ADD CONSTRAINT PK_HINHANH_MASP_MAMAU PRIMARY KEY (MASP,MAMAU,ANH)

	
	GO
	-- BANG LUOT TRUY CAP
	CREATE TABLE LUOTTRUYCAP(
	NGAY DATE NOT NULL,
	SOLUOT INT NULL,
	)
	 ALTER TABLE LUOTTRUYCAP ADD CONSTRAINT PK_LUOTTRUYCAP_NGAY PRIMARY KEY (NGAY)
	GO
	--BANG DON HANG
	CREATE TABLE DONHANG(
	MADH CHAR(20) NOT NULL ,
	TENKH NVARCHAR(100) NOT NULL,
	DIACHI NVARCHAR(MAX) NOT NULL,
	SDT_DATHANG NVARCHAR(12) NOT NULL,
	TONGIA MONEY NOT NULL,
	NGAYLAP DATE NOT NULL,
	PT_THANHTOAN NVARCHAR(100) NOT NULL,
	TRANGTHAI NVARCHAR(100) NOT NULL,
	MAKH INT  NULL ,
	SOTHUTU INT IDENTITY NOT NULL
	)
	ALTER TABLE DONHANG ADD CONSTRAINT PK_DONHANG_MADH PRIMARY KEY (MADH)
	go
	-- BANG CHI TIET DON HANG
	CREATE TABLE CTDH(
	MADH CHAR(20) NOT NULL,
	MASP CHAR(10) NOT NULL ,
	MAMAU CHAR(10) NOT NULL,
	SOLUONG INT NOT NULL
	)
	ALTER TABLE CTDH ADD CONSTRAINT PK_CTDH_MADH_MASP PRIMARY KEY (MADH,MASP)
	CREATE TABLE PHANHOI(
	MAPH INT IDENTITY (1, 1),
	EMAIL NVARCHAR(100) NOT NULL,
	HOTEN NVARCHAR(100) NOT NULL,
	SDT NVARCHAR(15) NOT NULL,
	THOIGIAN DATE NOT NULL,
	LOINHAN NVARCHAR(MAX) NOT NULL,
	TRANGTHAI NVARCHAR(200) NOT NULL,
	)
	ALTER TABLE PHANHOI ADD CONSTRAINT PK_PHANHOI PRIMARY KEY(MAPH)
	CREATE TABLE LICHSU_THAOTAC(
	MALS CHAR(10) NOT NULL,
	NGAYCAPNHAT DATETIME NOT NULL,
	MANV INT NOT NULL,
	NOIDUNG NVARCHAR(500) NOT NULL,
	CHITIET NVARCHAR(1000) NOT NULL
	)

	ALTER TABLE LICHSU_THAOTAC ADD CONSTRAINT PK_LICHSU PRIMARY KEY(MALS)

	--- ADD FOREIGN KEY



	ALTER TABLE SANPHAM ADD CONSTRAINT FK_SP_CH FOREIGN KEY (MACH) REFERENCES CAUHINH(MACH) 
	
	ALTER TABLE DANHGIA ADD CONSTRAINT FK_DG_SP FOREIGN KEY (MASP) REFERENCES SANPHAM(MASP)
	
	ALTER TABLE HINHANH ADD CONSTRAINT FK_SP_HA FOREIGN KEY (MASP) REFERENCES SANPHAM(MASP) 
	
	ALTER TABLE HINHANH ADD CONSTRAINT FK_MS_HA FOREIGN KEY (MAMAU) REFERENCES MAUSAC(MAMAU) 
	
	ALTER TABLE DONHANG ADD CONSTRAINT FK_DH_KH FOREIGN KEY (MAKH) REFERENCES TAIKHOAN(ID) 
	
	ALTER TABLE CTDH ADD CONSTRAINT FK_CTDH_DH FOREIGN KEY (MADH) REFERENCES DONHANG(MADH) 
	
	ALTER TABLE CTDH ADD CONSTRAINT FK_CTDH_SP FOREIGN KEY (MASP) REFERENCES SANPHAM(MASP) 
	
	ALTER TABLE SANPHAM ADD CONSTRAINT FK_TH_SP FOREIGN KEY (MATH) REFERENCES THUONGHIEU(MATH)
	
	ALTER TABLE CH_CTTT ADD CONSTRAINT FR_CH FOREIGN KEY (MACH) REFERENCES CAUHINH(MACH)
	
	ALTER TABLE CH_CTTT ADD CONSTRAINT FR_TT FOREIGN KEY (MACT) REFERENCES CHITIET_THUOCTINH(MACT)
	
	ALTER TABLE CHITIET_THUOCTINH ADD CONSTRAINT FR_CT_TT FOREIGN KEY (MATT) REFERENCES THUOCTINH(MATT)

	ALTER TABLE LOCDULIEU ADD CONSTRAINT FR_LOC FOREIGN KEY (MATT) REFERENCES THUOCTINH(MATT)

	ALTER TABLE GIATRILOC ADD CONSTRAINT FR_GIATRILOC FOREIGN KEY (MATT_LOC)REFERENCES LOCDULIEU(MATT_LOC)
	
	ALTER TABLE GIA_SP ADD CONSTRAINT FK_GIA_MASP FOREIGN KEY (MASP) REFERENCES SANPHAM(MASP)
	
	ALTER TABLE BINHLUAN ADD CONSTRAINT FK_SP_BL FOREIGN KEY(MASP) REFERENCES SANPHAM(MASP)
		
	ALTER TABLE TRALOI ADD CONSTRAINT FK_TL_BL FOREIGN KEY (MABL) REFERENCES BINHLUAN(MABL)
	
	ALTER TABLE THUOCTINH ADD CONSTRAINT FK_TT_LTT FOREIGN KEY (MALOP) REFERENCES LOP_THUOCTINH(MALOP)
	
	ALTER TABLE SOLUONG_SP ADD CONSTRAINT FK_SL_SP FOREIGN KEY(MASP) REFERENCES SANPHAM(MASP)
	
	ALTER TABLE SOLUONG_SP ADD CONSTRAINT FK_SL_MS FOREIGN KEY(MAMAU) REFERENCES MAUSAC(MAMAU)

	ALTER TABLE LICHSU_THAOTAC ADD CONSTRAINT FK_TT_TK FOREIGN KEY(MANV) REFERENCES TAIKHOAN(ID)
	--INSERT VALUES
	SELECT * FROM BINHLUAN
	

-- Mật khẩu 123

INSERT INTO TAIKHOAN
VALUES(1,'admin', '202cb962ac59075b964b07152d234b70','ENABLE','11-12-2005','ADMIN',N'Trần Thanh Bảo','0943417917',N'Bến Tre',NULL)


SELECT COUNT(*) FROM TAIKHOAN
SELECT HA.MASP,HA.MAMAU,MS.TENMAU,SS.SOLUONG,SS.SL_DABAN  JOIN MAUSAC MS ON MS.MAMAU=HA.MAMAU JOIN SOLUONG_SP SS ON SS.MAMAU=HA.MAMAU AND SS.MASP=HA.MASP WHERE HA.MASP='sp02' GROUP BY HA.MASP,HA.MAMAU,MS.TENMAU,SS.SOLUONG,SS.SL_DABAN
SELECT * FROM SOLUONG_SP

SELECT * FROM  (SELECT ROW_NUMBER() OVER (ORDER BY masp DESC) AS STT ,* FROM  SANPHAM
				) AS X  WHERE STT BETWEEN 0 AND 10 

SELECT * FROM TAIKHOAN order by tennd asc 
select * from BINHLUAN
select * from CAUHINH
select * from CH_CTTT
select * from CHITIET_THUOCTINH
select * from CTDH
select * from DANHGIA
select * from DONHANG
select * from GIA_SP
select * from GIATRILOC
select * from HINHANH
select * from ICON_MENU
select * from LOCDULIEU
select * from LUOTTRUYCAP
select * from MAUSAC
select * from PHANHOI
select * from QL_GIAODIEN
select * from SANPHAM
select * from SDT_SHOP
select * from THONGTIN_SHOP
select * from THUOCTINH
select * from THUONGHIEU
select * from LOP_THUOCTINH
delete THUONGHIEU where MATH='th11'
delete LOP_THUOCTINH where MALOP='CNPX      '
select * from TRALOI
--THONG TIN SHOP
update SANPHAM set LOAI_SP='MOI' where MASP='sp01' 
delete THONGTIN_SHOP where ID='00'
INSERT INTO THONGTIN_SHOP 
VALUES('00','Mobile','','fb.com/mobile-shop-nlu','youtube.com/mobile-shop-nlu',N'Khu phố 6, phường Linh Trung, quận Thủ Đức, thành phố Hồ Chí Minh')
update SANPHAM set LOAI_SP='MOI' where MASP='sp01' 
update SANPHAM set LOAI_SP='MOI' where MASP='sp02' 
update SANPHAM set LOAI_SP='MOI' where MASP='sp03' 
update SANPHAM set LOAI_SP='MOI' where MASP='sp04' 
update SANPHAM set LOAI_SP='MOI' where MASP='sp05' 
update SANPHAM set LOAI_SP='MOI' where MASP='sp06' 
update SANPHAM set LOAI_SP='MOI' where MASP='sp07' 
update SANPHAM set LOAI_SP='MOI' where MASP='sp08' 
update SANPHAM set LOAI_SP='MOI' where MASP='sp10' 

--SO DIEN THOAI SHOP
INSERT INTO SDT_SHOP VALUES('18001099',N'Gọi mua hàng','(7:30 - 22:00)')
INSERT INTO SDT_SHOP VALUES('18001079',N'Gọi khiếu nại','(8:00 - 21:30)')
INSERT INTO SDT_SHOP VALUES('18001069 ',N'Gọi bảo hành','(8:00 - 21:00)')
--QUAN LY GIAO DIEN
INSERT INTO QL_GIAODIEN VALUES('GD01','white','#3f89d8','#000000c2','black')
--ICON MENU
INSERT INTO ICON_MENU VALUES('IC1','<i class="fas fa-phone-square-alt"></i>',N'Liên hệ & hỗ trợ')
INSERT INTO ICON_MENU VALUES('IC2','<i class="fas fa-money-check"></i>',N'Kiểm tra đơn hàng')
INSERT INTO ICON_MENU VALUES('IC3','<i class="fas fa-user"></i>',N'Tài khoản')
INSERT INTO ICON_MENU VALUES('IC4','<i class="fas fa-shopping-cart"></i>',N'Giỏ hàng')


-- TAI KHOAN

--THUONG HIEU
INSERT INTO THUONGHIEU VALUES('TH01','Apple',N'Đang kinh doanh',0)
INSERT INTO THUONGHIEU VALUES('TH02','Samsung',N'Đang kinh doanh',0)
INSERT INTO THUONGHIEU VALUES('TH03','OPPO',N'Đang kinh doanh',0)
INSERT INTO THUONGHIEU VALUES('TH04','Xiaomi',N'Đang kinh doanh',0)
INSERT INTO THUONGHIEU VALUES('TH05','Vivo',N'Đang kinh doanh',0)
INSERT INTO THUONGHIEU VALUES('TH06','Huawei',N'Đang kinh doanh',0)
INSERT INTO THUONGHIEU VALUES('TH07','Realme',N'Đang kinh doanh',0)
INSERT INTO THUONGHIEU VALUES('TH08','Nokia',N'Đang kinh doanh',0)
INSERT INTO THUONGHIEU VALUES('TH09','Itel',N'Đang kinh doanh',0)
INSERT INTO THUONGHIEU VALUES('TH10','Mobell',N'Đang kinh doanh',0)
--MAU SAC
select * from MAUSAC
INSERT INTO MAUSAC VALUES('MS01','rgb(33 150 243)',N'Xanh Dương')
INSERT INTO MAUSAC VALUES('MS02','rgb(244 67 54)',N'Đỏ')
INSERT INTO MAUSAC VALUES('MS03','rgb(0 0 0)',N'Đen')
INSERT INTO MAUSAC VALUES('MS04','#ffffff;',N'Trắng')
INSERT INTO MAUSAC VALUES('MS05','#FFC107',N'Vàng')
INSERT INTO MAUSAC VALUES('MS06','#ff3f80;',N'Hồng')
INSERT INTO MAUSAC VALUES('MS07','#ff3fss;',N'Tím')
INSERT INTO MAUSAC VALUES('MS08','#ffa3fss;',N'Xám')
INSERT INTO MAUSAC VALUES('MS09','rgb(0 128 0)',N'Xanh Lá')

--CAUHINH 
INSERT INTO CAUHINH VALUES('CH01',0)
INSERT INTO CAUHINH VALUES('CH02',0)
INSERT INTO CAUHINH VALUES('CH03',0)
INSERT INTO CAUHINH VALUES('CH04',0)
INSERT INTO CAUHINH VALUES('CH05',0)
INSERT INTO CAUHINH VALUES('CH06',0)
INSERT INTO CAUHINH VALUES('CH07',0)
INSERT INTO CAUHINH VALUES('CH08',0)
INSERT INTO CAUHINH VALUES('CH09',0)
INSERT INTO CAUHINH VALUES('CH10',0)
--LOP THUOC TINH
INSERT INTO LOP_THUOCTINH VALUES('MH',N'Màn hình',0)
INSERT INTO LOP_THUOCTINH VALUES('CS',N'Camera sau',0)
INSERT INTO LOP_THUOCTINH VALUES('CT',N'Camera trước',0)
INSERT INTO LOP_THUOCTINH VALUES('HDHCPU',N'Hệ điều hành & CPU',0)
INSERT INTO LOP_THUOCTINH VALUES('BNLT',N'Bộ nhớ & Lưu trữ',0)
INSERT INTO LOP_THUOCTINH VALUES('KN',N'Kết nối',0)
INSERT INTO LOP_THUOCTINH VALUES('TKTL',N'Thiết kế & Trọng lượng',0)
INSERT INTO LOP_THUOCTINH VALUES('PS',N'Pin & Sạc',0)
INSERT INTO LOP_THUOCTINH VALUES('TI',N'Tiện ích',0)
INSERT INTO LOP_THUOCTINH VALUES('TTK',N'Thông tin khác',0)

--THUOC TINH
delete THUOCTINH where MATT='tt41'

INSERT INTO THUOCTINH VALUES('TT01','VB',N'Công nghệ màn hình','MH')
INSERT INTO THUOCTINH VALUES('TT02','VB',N'Độ phân giải','MH')
INSERT INTO THUOCTINH VALUES('TT03','SO',N'Màn hình rộng','MH')
INSERT INTO THUOCTINH VALUES('TT04','VB',N'Mặt kính cảm ứng','MH')
INSERT INTO THUOCTINH VALUES('TT05','SO',N'Độ phân giải','CS')
INSERT INTO THUOCTINH VALUES('TT06','VB',N'Quay phim','CS')
INSERT INTO THUOCTINH VALUES('TT07','VB',N'Đèn Flash','CS')
INSERT INTO THUOCTINH VALUES('TT08','VB',N'Tính năng','CS')
INSERT INTO THUOCTINH VALUES('TT09','SO',N'Độ phân giải','CT')
INSERT INTO THUOCTINH VALUES('TT10','VB',N'Videocall','CT')
INSERT INTO THUOCTINH VALUES('TT11','VB',N'Tính năng','CT')
INSERT INTO THUOCTINH VALUES('TT12','VB',N'Hệ điều hành','HDHCPU')
INSERT INTO THUOCTINH VALUES('TT13','VB',N'Chip xử lý (CPU)','HDHCPU')
INSERT INTO THUOCTINH VALUES('TT14','SO',N'Tốc độ CPU','HDHCPU')
INSERT INTO THUOCTINH VALUES('TT15','VB',N'Chip đồ họa (GPU)','HDHCPU')
INSERT INTO THUOCTINH VALUES('TT16','SO',N'RAM','BNLT')
INSERT INTO THUOCTINH VALUES('TT17','SO',N'Bộ nhớ trong','BNLT')
INSERT INTO THUOCTINH VALUES('TT18','SO',N'Thẻ nhớ ngoài','BNLT')
INSERT INTO THUOCTINH VALUES('TT19','VB',N'Mạng di động','KN')
INSERT INTO THUOCTINH VALUES('TT20','VB',N'SIM','KN')
INSERT INTO THUOCTINH VALUES('TT21','VB',N'Wifi','KN')
INSERT INTO THUOCTINH VALUES('TT22','VB',N'GBS','KN')
INSERT INTO THUOCTINH VALUES('TT23','VB',N'Bluetooth','KN')
INSERT INTO THUOCTINH VALUES('TT24','VB',N'Cổng kết nối/sạc','KN')
INSERT INTO THUOCTINH VALUES('TT25','VB',N'Jack tai nghe','KN')
INSERT INTO THUOCTINH VALUES('TT26','VB',N'Kết nối khác','KN')
INSERT INTO THUOCTINH VALUES('TT27','VB',N'Thiết kế','TKTL')
INSERT INTO THUOCTINH VALUES('TT28','VB',N'Chất liệu','TKTL')
INSERT INTO THUOCTINH VALUES('TT29','VB',N'Kích thước','TKTL')
INSERT INTO THUOCTINH VALUES('TT30','SO',N'Trọng lượng','TKTL')
INSERT INTO THUOCTINH VALUES('TT31','SO',N'Dung lượng pin','PS')
INSERT INTO THUOCTINH VALUES('TT32','VB',N'Loại pin','PS')
INSERT INTO THUOCTINH VALUES('TT33','VB',N'Công nghệ pin','PS')
INSERT INTO THUOCTINH VALUES('TT34','VB',N'Bảo mật nâng cao','TI')
INSERT INTO THUOCTINH VALUES('TT35','VB',N'Tính năng đặc biệt','TI')
INSERT INTO THUOCTINH VALUES('TT36','VB',N'Ghi âm','TI')
INSERT INTO THUOCTINH VALUES('TT37','VB',N'Radio','TI')
INSERT INTO THUOCTINH VALUES('TT38','VB',N'Xem phim','TI')
INSERT INTO THUOCTINH VALUES('TT39','VB',N'Nghe nhạc','TI')
INSERT INTO THUOCTINH VALUES('TT40','VB',N'Thời điểm ra mắt','TTK')
--CHI TIET THUOC TINH

INSERT INTO CHITIET_THUOCTINH VALUES('CT01',N'OLED',N'ODLED','TT01')
INSERT INTO CHITIET_THUOCTINH VALUES('CT02',N'Super AMOLED Plus',N'Super AMOLED Plus','TT01')
INSERT INTO CHITIET_THUOCTINH VALUES('CT03',N'TFT LCD',N'TFT LCD','TT01')
INSERT INTO CHITIET_THUOCTINH VALUES('CT04',N'AMOLED',N'AMOLED','TT01')
INSERT INTO CHITIET_THUOCTINH VALUES('CT05',N'IPS LCD',N'IPS LCD','TT01')

INSERT INTO CHITIET_THUOCTINH VALUES('CT11','1170 x 2532','1170 x 2532 Pixels','TT02')
INSERT INTO CHITIET_THUOCTINH VALUES('CT12','1080 x 2400','Full HD+ (1080 x 2400 Pixels)','TT02')
INSERT INTO CHITIET_THUOCTINH VALUES('CT13','720 x 1600','HD+ (720 x 1600 Pixels)','TT02')

INSERT INTO CHITIET_THUOCTINH VALUES('CT21','6.1','6.1"','TT03')
INSERT INTO CHITIET_THUOCTINH VALUES('CT22','6.7','6.7"','TT03')
INSERT INTO CHITIET_THUOCTINH VALUES('CT23','6.5','6.5"','TT03')
INSERT INTO CHITIET_THUOCTINH VALUES('CT24','6.44','6.44"','TT03')
INSERT INTO CHITIET_THUOCTINH VALUES('CT25','6.5','6.5"','TT03')

INSERT INTO CHITIET_THUOCTINH VALUES('CT31','Ceramic Shield',N'Kính cường lực Ceramic Shield','TT04')
INSERT INTO CHITIET_THUOCTINH VALUES('CT32','2.5D',N'Mặt kính cong 2.5D','TT04')
INSERT INTO CHITIET_THUOCTINH VALUES('CT33','Corning Gorilla Glass 3',N'Kính cường lực Corning Gorilla Glass 3','TT04')
INSERT INTO CHITIET_THUOCTINH VALUES('CT34','Schott Xensation UP',N'Kính cường lực Schott Xensation UP','TT04')


INSERT INTO CHITIET_THUOCTINH VALUES('CT41','12',N'2 camera 12 MP','TT05')
INSERT INTO CHITIET_THUOCTINH VALUES('CT42','64',N'Chính 64 MP & Phụ 12 MP, 5 MP, 5 MP','TT05')
INSERT INTO CHITIET_THUOCTINH VALUES('CT43','48',N'Chính 48 MP & Phụ 8 MP, 2 MP, 2 MP','TT05')
INSERT INTO CHITIET_THUOCTINH VALUES('CT44','64',N'Chính 64 MP & Phụ 8 MP, 2 MP','TT05')
INSERT INTO CHITIET_THUOCTINH VALUES('CT45','13',N'Chính 13 MP & Phụ 8 MP, 2 MP, 2 MP','TT05')

INSERT INTO CHITIET_THUOCTINH VALUES('CT51','4K 2160p@30fps','4K 2160p@30fps','TT06')
INSERT INTO CHITIET_THUOCTINH VALUES('CT52','FullHD 1080p@30fps, 4K 2160p@30fps','FullHD 1080p@30fps, 4K 2160p@30fps','TT06')
INSERT INTO CHITIET_THUOCTINH VALUES('CT53','4K 2160p@60fps, FullHD 1080p@60fps','4K 2160p@60fps, FullHD 1080p@60fps','TT06')
INSERT INTO CHITIET_THUOCTINH VALUES('CT54','HD 720p@30fps, FullHD 1080p@30fps','HD 720p@30fps, FullHD 1080p@30fps','TT06')

INSERT INTO CHITIET_THUOCTINH VALUES('CT61',N'Đèn LED kép',N'Đèn LED kép','TT07')
INSERT INTO CHITIET_THUOCTINH VALUES('CT62','Có','Có','TT07')
INSERT INTO CHITIET_THUOCTINH VALUES('CT71',N'Ban đêm (Night Mode)',N'Ban đêm (Night Mode)','TT08')
INSERT INTO CHITIET_THUOCTINH VALUES('CT72',N'Trôi nhanh thời gian (Time Lapse)',N'Trôi nhanh thời gian (Time Lapse)','TT08')
INSERT INTO CHITIET_THUOCTINH VALUES('CT73',N'Quay chậm (Slow Motion)',N'Quay chậm (Slow Motion)','TT08')
INSERT INTO CHITIET_THUOCTINH VALUES('CT74',N'Xóa phông',N'Xóa phông','TT08')
INSERT INTO CHITIET_THUOCTINH VALUES('CT75',N'Zoom quang học',N'Zoom quang học','TT08')
INSERT INTO CHITIET_THUOCTINH VALUES('CT76',N'Toàn cảnh (Panorama)',N'Toàn cảnh (Panorama)','TT08')
INSERT INTO CHITIET_THUOCTINH VALUES('CT77',N'Tự động lấy nét (AF)',N'Tự động lấy nét (AF)','TT08')
INSERT INTO CHITIET_THUOCTINH VALUES('CT78',N'A.I Camera','A.I Camera','TT08')
INSERT INTO CHITIET_THUOCTINH VALUES('CT79','HDR','HDR','TT08')
INSERT INTO CHITIET_THUOCTINH VALUES('CT710',N'Góc siêu rộng (Ultrawide)',N'Góc siêu rộng (Ultrawide)','TT08')
INSERT INTO CHITIET_THUOCTINH VALUES('CT711',N'Siêu cận (Macro)',N'Siêu cận (Macro)','TT08')

INSERT INTO CHITIET_THUOCTINH VALUES('CT81','12','12 MP','TT09')
INSERT INTO CHITIET_THUOCTINH VALUES('CT82','32','32 MP','TT09')
INSERT INTO CHITIET_THUOCTINH VALUES('CT83','16','16 MP','TT09')
INSERT INTO CHITIET_THUOCTINH VALUES('CT84','44','44 MP','TT09')
INSERT INTO CHITIET_THUOCTINH VALUES('CT85','8','8 MP','TT09')

INSERT INTO CHITIET_THUOCTINH VALUES('CT91',N'Có',N'Có','TT10')
INSERT INTO CHITIET_THUOCTINH VALUES('CT92',N'Thông qua ứng dụng thứ 3',N'Thông qua ứng dụng thứ 3','TT10')

INSERT INTO CHITIET_THUOCTINH VALUES('CT101',N'Xóa phông',N'Xóa phông','TT11')
INSERT INTO CHITIET_THUOCTINH VALUES('CT102',N'Quay phim 4K',N'Quay phim 4K','TT11')
INSERT INTO CHITIET_THUOCTINH VALUES('CT103',N'Nhãn dán (AR Stickers)',N'Nhãn dán (AR Stickers)','TT11')
INSERT INTO CHITIET_THUOCTINH VALUES('CT104',N'Retina Flash',N'Retina Flash','TT11')
INSERT INTO CHITIET_THUOCTINH VALUES('CT105',N'Quay video HD',N'Quay video HD','TT11')
INSERT INTO CHITIET_THUOCTINH VALUES('CT106',N'Nhận diện khuôn mặt',N'Nhận diện khuôn mặt','TT11')
INSERT INTO CHITIET_THUOCTINH VALUES('CT107',N'Quay chậm (Slow Motion)',N'Quay chậm (Slow Motion)','TT11')

INSERT INTO CHITIET_THUOCTINH VALUES('CT111','Android','Android 10','TT12')
INSERT INTO CHITIET_THUOCTINH VALUES('CT112','Android','Android 11','TT12')
INSERT INTO CHITIET_THUOCTINH VALUES('CT113','iOS','iOS 14','TT12')
INSERT INTO CHITIET_THUOCTINH VALUES('CT114','EMUI','EMUI 10 (Android 10 không có Google)','TT12')

INSERT INTO CHITIET_THUOCTINH VALUES('CT121',N'Apple A14 Bionic 6 nhân',N'Apple A14 Bionic 6 nhân','TT13')
INSERT INTO CHITIET_THUOCTINH VALUES('CT122',N'Snapdragon 730 8 nhân',N'Snapdragon 730 8 nhân','TT13')
INSERT INTO CHITIET_THUOCTINH VALUES('CT123',N'Snapdragon 665 8 nhân',N'Snapdragon 665 8 nhân','TT13')
INSERT INTO CHITIET_THUOCTINH VALUES('CT124',N'Snapdragon 460 8 nhân',N'Snapdragon 460 8 nhân','TT13')
INSERT INTO CHITIET_THUOCTINH VALUES('CT125',N'MediaTek Helio G80 8 nhân',N'MediaTek Helio G80 8 nhân','TT13')
INSERT INTO CHITIET_THUOCTINH VALUES('CT126',N'Snapdragon 865 8 nhân',N'Snapdragon 865 8 nhân','TT13')
INSERT INTO CHITIET_THUOCTINH VALUES('CT127',N'Kirin 810 8 nhân',N'Kirin 810 8 nhân','TT13')

INSERT INTO CHITIET_THUOCTINH VALUES('CT131','1.8',N'4 nhân 1.8 GHz & 4 nhân 1.6 GHz','TT14')
INSERT INTO CHITIET_THUOCTINH VALUES('CT132','2.3',N'2 nhân 2.3 Ghz & 6 nhân 1.8 Ghz','TT14')
INSERT INTO CHITIET_THUOCTINH VALUES('CT133','2.0',N'4 nhân 2.0 GHz & 4 nhân 1.8 GHz','TT14')
INSERT INTO CHITIET_THUOCTINH VALUES('CT134','2.2 GHz',N'2 nhân 2.2 GHz & 6 nhân 1.8 GHz','TT14')
INSERT INTO CHITIET_THUOCTINH VALUES('CT135','3.1 GHz',N'2 nhân 3.1 GHz & 4 nhân 1.8 GHz','TT14')

INSERT INTO CHITIET_THUOCTINH VALUES('CT141','Adreno 618','Adreno 618','TT15')
INSERT INTO CHITIET_THUOCTINH VALUES('CT142','Adreno 610','Adreno 610','TT15')
INSERT INTO CHITIET_THUOCTINH VALUES('CT143',N'Apple GPU 6 nhân',N'Apple GPU 6 nhân','TT15')
INSERT INTO CHITIET_THUOCTINH VALUES('CT145',N'Mali-G52 MC2',N'Mali-G52 MC2','TT15')
INSERT INTO CHITIET_THUOCTINH VALUES('CT146',N'Mali-G52 MP6',N'Mali-G52 MP6','TT15')



INSERT INTO CHITIET_THUOCTINH VALUES('CT151','4','4 GB','TT16')
INSERT INTO CHITIET_THUOCTINH VALUES('CT152','8','8 GB','TT16')
INSERT INTO CHITIET_THUOCTINH VALUES('CT153','6','6 GB','TT16')

INSERT INTO CHITIET_THUOCTINH VALUES('CT161','128','128 GB','TT17')
INSERT INTO CHITIET_THUOCTINH VALUES('CT162','64','64 GB','TT17')


INSERT INTO CHITIET_THUOCTINH VALUES('CT171','512',N'MicroSD, hỗ trợ tối đa 512 GB','TT18')
INSERT INTO CHITIET_THUOCTINH VALUES('CT172','256',N'MicroSD, hỗ trợ tối đa 256 GB','TT18')

INSERT INTO CHITIET_THUOCTINH VALUES('CT181',N'Hỗ trợ 5G',N'Hỗ trợ 5G','TT19')
INSERT INTO CHITIET_THUOCTINH VALUES('CT182',N'Hỗ trợ 4G',N'Hỗ trợ 4G','TT19')

INSERT INTO CHITIET_THUOCTINH VALUES('CT191','2 Nano SIM','2 Nano SIM','TT20')
INSERT INTO CHITIET_THUOCTINH VALUES('CT192','1 Nano SIM & 1 eSIM','1 Nano SIM & 1 eSIM','TT20')

INSERT INTO CHITIET_THUOCTINH VALUES('CT201','Dual-band (2.4 GHz/5 GHz)','Dual-band (2.4 GHz/5 GHz)','TT21')
INSERT INTO CHITIET_THUOCTINH VALUES('CT202','v','Wi-Fi 802.11 a/b/g/n/ac/ax','TT21')
INSERT INTO CHITIET_THUOCTINH VALUES('CT203','Wi-Fi MIMO','Wi-Fi MIMO','TT21')
INSERT INTO CHITIET_THUOCTINH VALUES('CT204','Wi-Fi hotspot','Wi-Fi hotspot','TT21')

INSERT INTO CHITIET_THUOCTINH VALUES('CT211','GLONASS','GLONASS','TT22')
INSERT INTO CHITIET_THUOCTINH VALUES('CT212','GALILEO','GALILEO','TT22')
INSERT INTO CHITIET_THUOCTINH VALUES('CT213','BDS','BDS','TT22')
INSERT INTO CHITIET_THUOCTINH VALUES('CT214','A-GPS','A-GPS','TT22')
INSERT INTO CHITIET_THUOCTINH VALUES('CT215','v5.0','v5.0','TT22')
INSERT INTO CHITIET_THUOCTINH VALUES('CT216','A2DP','A2DP','TT22')
	
INSERT INTO CHITIET_THUOCTINH VALUES('CT221','v5.0','v5.0','TT23')
INSERT INTO CHITIET_THUOCTINH VALUES('CT222','A2DP','A2DP','TT23')
INSERT INTO CHITIET_THUOCTINH VALUES('CT223','LE','LE','TT23')

INSERT INTO CHITIET_THUOCTINH VALUES('CT231','USB Type-C','USB Type-C','TT24')
INSERT INTO CHITIET_THUOCTINH VALUES('CT232','Lightning','Lightning','TT24')

INSERT INTO CHITIET_THUOCTINH VALUES('CT241','3.5 mm','3.5 mm','TT25')
INSERT INTO CHITIET_THUOCTINH VALUES('CT242','Lightning','Lightning','TT25')

INSERT INTO CHITIET_THUOCTINH VALUES('CT251','OTG','OTG','TT26')

INSERT INTO CHITIET_THUOCTINH VALUES('CT261',N'Nguyên khối',N'Nguyên khối','TT27')


INSERT INTO CHITIET_THUOCTINH VALUES('CT271',N'Khung nhôm & Mặt lưng kính cường lực',N'Khung nhôm & Mặt lưng kính cường lực','TT28')
INSERT INTO CHITIET_THUOCTINH VALUES('CT272',N'Khung & Mặt lưng nhựa',N'Khung & Mặt lưng nhựa','TT28')
INSERT INTO CHITIET_THUOCTINH VALUES('CT273',N'Khung nhựa & Mặt lưng kính',N'Khung nhựa & Mặt lưng kính','TT28')

INSERT INTO CHITIET_THUOCTINH VALUES('CT281',N'Dài 161.3 mm - Ngang 74.2 mm - Dày 7.38 mm',N'Dài 161.3 mm - Ngang 74.2 mm - Dày 7.38 mm','TT29')
INSERT INTO CHITIET_THUOCTINH VALUES('CT282',N'Dài 146.7 mm - Ngang 71.5 mm - Dày 7.4 mm',N'Dài 146.7 mm - Ngang 71.5 mm - Dày 7.4 mm','TT29')
INSERT INTO CHITIET_THUOCTINH VALUES('CT283',N'Dài 163.9 mm - Ngang 76.3 mm - Dày 9.5 mm',N'Dài 163.9 mm - Ngang 76.3 mm - Dày 9.5 mm','TT29')
INSERT INTO CHITIET_THUOCTINH VALUES('CT284',N'Dài 164.1 mm - Ngang 75.5 mm - Dày 8.9 mm',N'Dài 164.1 mm - Ngang 75.5 mm - Dày 8.9 mm','TT29')
INSERT INTO CHITIET_THUOCTINH VALUES('CT285',N'Dài 162 mm - Ngang 75.5 mm - Dày 8.9 mm',N'Dài 162 mm - Ngang 75.5 mm - Dày 8.9 mm','TT29')

INSERT INTO CHITIET_THUOCTINH VALUES('CT291','164','164 g','TT30')
INSERT INTO CHITIET_THUOCTINH VALUES('CT292','213','213 g','TT30')
INSERT INTO CHITIET_THUOCTINH VALUES('CT293','192','192 g','TT30')
INSERT INTO CHITIET_THUOCTINH VALUES('CT294','171','171 g','TT30')
INSERT INTO CHITIET_THUOCTINH VALUES('CT295','188','188 g','TT30')

INSERT INTO CHITIET_THUOCTINH VALUES('CT301','2815','2815 mAh','TT31')
INSERT INTO CHITIET_THUOCTINH VALUES('CT302','7000','7000 mAh','TT31')
INSERT INTO CHITIET_THUOCTINH VALUES('CT303','5000','5000 mAh','TT31')
INSERT INTO CHITIET_THUOCTINH VALUES('CT304','4000','4000 mAh','TT31')

INSERT INTO CHITIET_THUOCTINH VALUES('CT311',N'Li-Ion',N'Li-Ion','TT32')
INSERT INTO CHITIET_THUOCTINH VALUES('CT312',N'Li-Po',N'Li-Po','TT32')

INSERT INTO CHITIET_THUOCTINH VALUES('CT321',N'Sạc pin nhanh',N'Sạc pin nhanh','TT33')
INSERT INTO CHITIET_THUOCTINH VALUES('CT322',N'Sạc không dây MagSafe',N'Sạc không dây MagSafe','TT33')
INSERT INTO CHITIET_THUOCTINH VALUES('CT323',N'Tiết kiệm pin',N'Tiết kiệm pin','TT33')
INSERT INTO CHITIET_THUOCTINH VALUES('CT324',N'Sạc không dây',N'Sạc không dây','TT33')
INSERT INTO CHITIET_THUOCTINH VALUES('CT325',N'Siêu tiết kiệm pin',N'Siêu tiết kiệm pin','TT33')
	
INSERT INTO CHITIET_THUOCTINH VALUES('CT331',N'Mở khoá khuôn mặt Face ID',N'Mở khoá khuôn mặt Face ID','TT34')
INSERT INTO CHITIET_THUOCTINH VALUES('CT332',N'Mở khoá khuôn mặt, Mở khoá vân tay cạnh viền',N'Mở khoá khuôn mặt, Mở khoá vân tay cạnh viền','TT34')
INSERT INTO CHITIET_THUOCTINH VALUES('CT333',N'Mở khoá vân tay dưới màn hình, Mở khoá khuôn mặt',N'Mở khoá vân tay dưới màn hình, Mở khoá khuôn mặt','TT34')

INSERT INTO CHITIET_THUOCTINH VALUES('CT341',N'Kháng nước, kháng bụi',N'Kháng nước, kháng bụi','TT35')
INSERT INTO CHITIET_THUOCTINH VALUES('CT342',N'Chặn tin nhắn, Chặn cuộc gọi','Chặn tin nhắn, Chặn cuộc gọi','TT35')
INSERT INTO CHITIET_THUOCTINH VALUES('CT343',N'Khoá ứng dụng',N'Khoá ứng dụng','TT35')
INSERT INTO CHITIET_THUOCTINH VALUES('CT344',N'Nhân bản ứng dụng',N'Nhân bản ứng dụng','TT35')
INSERT INTO CHITIET_THUOCTINH VALUES('CT345',N'Đa cửa sổ (chia đôi màn hình)',N'Đa cửa sổ (chia đôi màn hình)','TT35')
INSERT INTO CHITIET_THUOCTINH VALUES('CT346',N'Không gian trò chơi',N'Không gian trò chơi','TT35')
INSERT INTO CHITIET_THUOCTINH VALUES('CT347',N'Trợ lý ảo Jovi',N'Trợ lý ảo Jovi','TT35')

INSERT INTO CHITIET_THUOCTINH VALUES('CT351',N'Có',N'Có','TT36')
INSERT INTO CHITIET_THUOCTINH VALUES('CT352',N'Có (microphone chuyên dụng chống ồn)',N'Có (microphone chuyên dụng chống ồn)','TT36')

INSERT INTO CHITIET_THUOCTINH VALUES('CT361','Có','Có','TT37')

INSERT INTO CHITIET_THUOCTINH VALUES('CT371','H.264(MPEG4-AVC)','H.264(MPEG4-AVC)','TT38')
INSERT INTO CHITIET_THUOCTINH VALUES('CT372','AVI','AVI','TT38')
INSERT INTO CHITIET_THUOCTINH VALUES('CT373','MP4','MP4','TT38')
INSERT INTO CHITIET_THUOCTINH VALUES('CT374','WMV','WMV','TT38')
INSERT INTO CHITIET_THUOCTINH VALUES('CT375','3GP, MP4','3GP, MP4','TT38')

INSERT INTO CHITIET_THUOCTINH VALUES('CT381','AMR','AMR','TT39')
INSERT INTO CHITIET_THUOCTINH VALUES('CT382','eAAC+','eAAC+','TT39')
INSERT INTO CHITIET_THUOCTINH VALUES('CT383','WAV','WAV','TT39')
INSERT INTO CHITIET_THUOCTINH VALUES('CT384','MP3','MP3','TT39')
INSERT INTO CHITIET_THUOCTINH VALUES('CT385','Lossless','Lossless','TT39')
INSERT INTO CHITIET_THUOCTINH VALUES('CT386','FLAC','FLAC','TT39')

INSERT INTO CHITIET_THUOCTINH VALUES('CT391','10/2020','10/2020','TT40')
INSERT INTO CHITIET_THUOCTINH VALUES('CT392','05/2020','05/2020','TT40')
INSERT INTO CHITIET_THUOCTINH VALUES('CT393','09/2020','09/2020','TT40')
INSERT INTO CHITIET_THUOCTINH VALUES('CT394','11/2020','11/2020','TT40')
INSERT INTO CHITIET_THUOCTINH VALUES('CT395','6/2020','11/2020','TT40')
INSERT INTO CHITIET_THUOCTINH VALUES('CT396','1/2020','11/2020','TT40')
select * from CHITIET_THUOCTINH
select * from CAUHINH

--THIET LAP THONG SO KY THUAT
--IPHONE 12 128GB
INSERT INTO CH_CTTT VALUES('CH01','CT02')
INSERT INTO CH_CTTT VALUES('CH01','CT01')
INSERT INTO CH_CTTT VALUES('CH01','CT11')
INSERT INTO CH_CTTT VALUES('CH01','CT21')
INSERT INTO CH_CTTT VALUES('CH01','CT31')
INSERT INTO CH_CTTT VALUES('CH01','CT41')
INSERT INTO CH_CTTT VALUES('CH01','CT51')
INSERT INTO CH_CTTT VALUES('CH01','CT52')
INSERT INTO CH_CTTT VALUES('CH01','CT53')
INSERT INTO CH_CTTT VALUES('CH01','CT61')
INSERT INTO CH_CTTT VALUES('CH01','CT71')
INSERT INTO CH_CTTT VALUES('CH01','CT72')
INSERT INTO CH_CTTT VALUES('CH01','CT73')
INSERT INTO CH_CTTT VALUES('CH01','CT74')
INSERT INTO CH_CTTT VALUES('CH01','CT75')
INSERT INTO CH_CTTT VALUES('CH01','CT76')
INSERT INTO CH_CTTT VALUES('CH01','CT81')
INSERT INTO CH_CTTT VALUES('CH01','CT91')
INSERT INTO CH_CTTT VALUES('CH01','CT101')
INSERT INTO CH_CTTT VALUES('CH01','CT102')
INSERT INTO CH_CTTT VALUES('CH01','CT103')
INSERT INTO CH_CTTT VALUES('CH01','CT104')
INSERT INTO CH_CTTT VALUES('CH01','CT105')
INSERT INTO CH_CTTT VALUES('CH01','CT113')
INSERT INTO CH_CTTT VALUES('CH01','CT121')
INSERT INTO CH_CTTT VALUES('CH01','CT135')
INSERT INTO CH_CTTT VALUES('CH01','CT143')
INSERT INTO CH_CTTT VALUES('CH01','CT151')
INSERT INTO CH_CTTT VALUES('CH01','CT161')
INSERT INTO CH_CTTT VALUES('CH01','CT181')
INSERT INTO CH_CTTT VALUES('CH01','CT192')
INSERT INTO CH_CTTT VALUES('CH01','CT201')
INSERT INTO CH_CTTT VALUES('CH01','CT202')
INSERT INTO CH_CTTT VALUES('CH01','CT203')
INSERT INTO CH_CTTT VALUES('CH01','CT204')
INSERT INTO CH_CTTT VALUES('CH01','CT211')
INSERT INTO CH_CTTT VALUES('CH01','CT212')
INSERT INTO CH_CTTT VALUES('CH01','CT213')
INSERT INTO CH_CTTT VALUES('CH01','CT214')
INSERT INTO CH_CTTT VALUES('CH01','CT215')
INSERT INTO CH_CTTT VALUES('CH01','CT221')
INSERT INTO CH_CTTT VALUES('CH01','CT222')
INSERT INTO CH_CTTT VALUES('CH01','CT232')
INSERT INTO CH_CTTT VALUES('CH01','CT242')
INSERT INTO CH_CTTT VALUES('CH01','CT261')
INSERT INTO CH_CTTT VALUES('CH01','CT271')
INSERT INTO CH_CTTT VALUES('CH01','CT282')
INSERT INTO CH_CTTT VALUES('CH01','CT291')
INSERT INTO CH_CTTT VALUES('CH01','CT301')
INSERT INTO CH_CTTT VALUES('CH01','CT311')
INSERT INTO CH_CTTT VALUES('CH01','CT321')
INSERT INTO CH_CTTT VALUES('CH01','CT322')
INSERT INTO CH_CTTT VALUES('CH01','CT323')
INSERT INTO CH_CTTT VALUES('CH01','CT324')
INSERT INTO CH_CTTT VALUES('CH01','CT331')
INSERT INTO CH_CTTT VALUES('CH01','CT341')
INSERT INTO CH_CTTT VALUES('CH01','CT352')
INSERT INTO CH_CTTT VALUES('CH01','CT371')
INSERT INTO CH_CTTT VALUES('CH01','CT385')
INSERT INTO CH_CTTT VALUES('CH01','CT386')
INSERT INTO CH_CTTT VALUES('CH01','CT384')
INSERT INTO CH_CTTT VALUES('CH01','CT382')
INSERT INTO CH_CTTT VALUES('CH01','CT391')
INSERT INTO SANPHAM VALUES('SP01','iPhone 12 128GB',N'Mới',N'TH01',N'Đang bán','1/10/2020',N'Giới thiệu',0,'CH01')
select * from SANPHAM
INSERT INTO GIA_SP VALUES('SP01','2/10/2020','26990000',NULL)
INSERT INTO GIA_SP VALUES('SP01','1/10/2020','26990000',NULL)
INSERT INTO GIA_SP VALUES('SP01','1/6/2020','27990000',NULL)
INSERT INTO GIA_SP VALUES('SP01','1/1/2020','28990000',NULL)

INSERT INTO HINHANH VALUES('SP01','MS04','https://cdn.tgdd.vn/Products/Images/42/228736/iphone-12-trang-new-600x600-600x600.jpg','NEN')
INSERT INTO HINHANH VALUES('SP01','MS04','https://img.fpt.shop/w_960/h_640/f_jpg/cmpr_10/m_letterbox_ffffff_100/https://fptshop.com.vn/Uploads/Originals/2020/11/27/637420740532520004_iphone-12-pro-12-pro-max.jpg','PHU')
INSERT INTO HINHANH VALUES('SP01','MS04','https://img.fpt.shop/w_960/h_640/f_jpg/cmpr_10/m_letterbox_ffffff_100/https://fptshop.com.vn/Uploads/Originals/2020/11/27/637420740532520004_iphone-12-pro-12-pro-max-2.jpg','PHU')
INSERT INTO HINHANH VALUES('SP01','MS04','https://img.fpt.shop/w_960/h_640/f_jpg/cmpr_10/m_letterbox_ffffff_100/https://fptshop.com.vn/Uploads/Originals/2020/11/27/637420740532520004_iphone-12-pro-12-pro-max-1.jpg','PHU')
INSERT INTO HINHANH VALUES('SP01','MS04','https://img.fpt.shop/w_960/h_640/f_jpg/cmpr_10/m_letterbox_ffffff_100/https://fptshop.com.vn/Uploads/Originals/2020/11/27/637420740532520004_iphone-12-pro-12-pro-max-3.jpg','PHU')

INSERT INTO SOLUONG_SP VALUES('SP01','MS04',10,0)



--SAMSUNG GALAXY M51
INSERT INTO CH_CTTT VALUES('CH02','CT02')
INSERT INTO CH_CTTT VALUES('CH02','CT12')
INSERT INTO CH_CTTT VALUES('CH02','CT22')
INSERT INTO CH_CTTT VALUES('CH02','CT32')
INSERT INTO CH_CTTT VALUES('CH02','CT42')
INSERT INTO CH_CTTT VALUES('CH02','CT52')
INSERT INTO CH_CTTT VALUES('CH02','CT53')
INSERT INTO CH_CTTT VALUES('CH02','CT62')
INSERT INTO CH_CTTT VALUES('CH02','CT74')
INSERT INTO CH_CTTT VALUES('CH02','CT75')
INSERT INTO CH_CTTT VALUES('CH02','CT76')
INSERT INTO CH_CTTT VALUES('CH02','CT77')
INSERT INTO CH_CTTT VALUES('CH02','CT78')
INSERT INTO CH_CTTT VALUES('CH02','CT79')
INSERT INTO CH_CTTT VALUES('CH02','CT82')
INSERT INTO CH_CTTT VALUES('CH02','CT92')
INSERT INTO CH_CTTT VALUES('CH02','CT106')
INSERT INTO CH_CTTT VALUES('CH02','CT105')
INSERT INTO CH_CTTT VALUES('CH02','CT111')
INSERT INTO CH_CTTT VALUES('CH02','CT122')
INSERT INTO CH_CTTT VALUES('CH02','CT134')
INSERT INTO CH_CTTT VALUES('CH02','CT141')
INSERT INTO CH_CTTT VALUES('CH02','CT152')
INSERT INTO CH_CTTT VALUES('CH02','CT161')
INSERT INTO CH_CTTT VALUES('CH02','CT171')
INSERT INTO CH_CTTT VALUES('CH02','CT182')
INSERT INTO CH_CTTT VALUES('CH02','CT191')
INSERT INTO CH_CTTT VALUES('CH02','CT201')
INSERT INTO CH_CTTT VALUES('CH02','CT202')
INSERT INTO CH_CTTT VALUES('CH02','CT203')
INSERT INTO CH_CTTT VALUES('CH02','CT204')
INSERT INTO CH_CTTT VALUES('CH02','CT211')
INSERT INTO CH_CTTT VALUES('CH02','CT212')
INSERT INTO CH_CTTT VALUES('CH02','CT213')
INSERT INTO CH_CTTT VALUES('CH02','CT214')
INSERT INTO CH_CTTT VALUES('CH02','CT221')
INSERT INTO CH_CTTT VALUES('CH02','CT222')
INSERT INTO CH_CTTT VALUES('CH02','CT223')
INSERT INTO CH_CTTT VALUES('CH02','CT231')
INSERT INTO CH_CTTT VALUES('CH02','CT241')
INSERT INTO CH_CTTT VALUES('CH02','CT251')
INSERT INTO CH_CTTT VALUES('CH02','CT261')
INSERT INTO CH_CTTT VALUES('CH02','CT272')
INSERT INTO CH_CTTT VALUES('CH02','CT283')
INSERT INTO CH_CTTT VALUES('CH02','CT292')
INSERT INTO CH_CTTT VALUES('CH02','CT302')
INSERT INTO CH_CTTT VALUES('CH02','CT311')
INSERT INTO CH_CTTT VALUES('CH02','CT321')
INSERT INTO CH_CTTT VALUES('CH02','CT323')
INSERT INTO CH_CTTT VALUES('CH02','CT325')
INSERT INTO CH_CTTT VALUES('CH02','CT332')
INSERT INTO CH_CTTT VALUES('CH02','CT342')
INSERT INTO CH_CTTT VALUES('CH02','CT351')
INSERT INTO CH_CTTT VALUES('CH02','CT361')
INSERT INTO CH_CTTT VALUES('CH02','CT372')
INSERT INTO CH_CTTT VALUES('CH02','CT373')
INSERT INTO CH_CTTT VALUES('CH02','CT374')
INSERT INTO CH_CTTT VALUES('CH02','CT383')
INSERT INTO CH_CTTT VALUES('CH02','CT384')
INSERT INTO CH_CTTT VALUES('CH02','CT391')



	
	
	
	select * from CHITIET_THUOCTINH
select * from SANPHAM
INSERT INTO SANPHAM VALUES('SP02','Samsung Galaxy M51',N'Mới',N'TH02',N'Đang bán','10/10/2020',N'Giới thiệu',0,'CH02')
INSERT INTO GIA_SP VALUES('SP02','10/10/2020','9490000',NULL)
INSERT INTO HINHANH VALUES('SP02','MS03','https://cdn.tgdd.vn/Products/Images/42/217536/samsung-galaxy-m51-den-new-600x600-600x600.jpg','NEN')
INSERT INTO HINHANH VALUES('SP02','MS03','//cdn.tgdd.vn/Products/Images/42/217536/galaxym51-black-1020x680-org.jpg','PHU')
INSERT INTO HINHANH VALUES('SP02','MS03','//cdn.tgdd.vn/Products/Images/42/217536/samsung-galaxy-m51-den-2-org.jpg','PHU')
INSERT INTO HINHANH VALUES('SP02','MS03','//cdn.tgdd.vn/Products/Images/42/217536/samsung-galaxy-m51-den-3-org.jpg','PHU')
INSERT INTO HINHANH VALUES('SP02','MS03','//cdn.tgdd.vn/Products/Images/42/217536/samsung-galaxy-m51-den-4-org.jpg','PHU')


INSERT INTO SOLUONG_SP VALUES('SP02','MS03',20,0)

INSERT INTO HINHANH VALUES('SP02','MS04','https://cdn.tgdd.vn/Products/Images/42/217536/samsung-galaxy-m51-trang-new-600x600-600x600.jpg','NEN')
INSERT INTO HINHANH VALUES('SP02','MS04','//cdn.tgdd.vn/Products/Images/42/217536/galaxym51-white-1020x680-org.jpg','PHU')
INSERT INTO HINHANH VALUES('SP02','MS04','//cdn.tgdd.vn/Products/Images/42/217536/samsung-galaxy-m51-trang-2-org.jpg','PHU')
INSERT INTO HINHANH VALUES('SP02','MS04','//cdn.tgdd.vn/Products/Images/42/217536/samsung-galaxy-m51-trang-4-org.jpg','PHU')
INSERT INTO HINHANH VALUES('SP02','MS04','//cdn.tgdd.vn/Products/Images/42/217536/samsung-galaxy-m51-trang-5-org.jpg','PHU')


INSERT INTO SOLUONG_SP VALUES('SP02','MS04',20,0)
--OPPO A92
INSERT INTO CH_CTTT VALUES('CH03','CT03')
INSERT INTO CH_CTTT VALUES('CH03','CT12')
INSERT INTO CH_CTTT VALUES('CH03','CT23')
INSERT INTO CH_CTTT VALUES('CH03','CT33')
INSERT INTO CH_CTTT VALUES('CH03','CT42')
INSERT INTO CH_CTTT VALUES('CH03','CT51')
INSERT INTO CH_CTTT VALUES('CH03','CT52')
INSERT INTO CH_CTTT VALUES('CH03','CT54')
INSERT INTO CH_CTTT VALUES('CH03','CT62')
INSERT INTO CH_CTTT VALUES('CH03','CT71')
INSERT INTO CH_CTTT VALUES('CH03','CT72')
INSERT INTO CH_CTTT VALUES('CH03','CT73')
INSERT INTO CH_CTTT VALUES('CH03','CT74')
INSERT INTO CH_CTTT VALUES('CH03','CT710')
INSERT INTO CH_CTTT VALUES('CH03','CT711')
INSERT INTO CH_CTTT VALUES('CH03','CT83')
INSERT INTO CH_CTTT VALUES('CH03','CT92')
INSERT INTO CH_CTTT VALUES('CH03','CT101')
INSERT INTO CH_CTTT VALUES('CH03','CT105')
INSERT INTO CH_CTTT VALUES('CH03','CT106')
INSERT INTO CH_CTTT VALUES('CH03','CT107')
INSERT INTO CH_CTTT VALUES('CH03','CT111')
INSERT INTO CH_CTTT VALUES('CH03','CT123')
INSERT INTO CH_CTTT VALUES('CH03','CT133')
INSERT INTO CH_CTTT VALUES('CH03','CT142')
INSERT INTO CH_CTTT VALUES('CH03','CT152')
INSERT INTO CH_CTTT VALUES('CH03','CT161')
INSERT INTO CH_CTTT VALUES('CH03','CT172')
INSERT INTO CH_CTTT VALUES('CH03','CT182')
INSERT INTO CH_CTTT VALUES('CH03','CT191')
INSERT INTO CH_CTTT VALUES('CH03','CT201')
INSERT INTO CH_CTTT VALUES('CH03','CT202')
INSERT INTO CH_CTTT VALUES('CH03','CT203')
INSERT INTO CH_CTTT VALUES('CH03','CT204')
INSERT INTO CH_CTTT VALUES('CH03','CT211')
INSERT INTO CH_CTTT VALUES('CH03','CT212')
INSERT INTO CH_CTTT VALUES('CH03','CT214')
INSERT INTO CH_CTTT VALUES('CH03','CT221')
INSERT INTO CH_CTTT VALUES('CH03','CT223')
INSERT INTO CH_CTTT VALUES('CH03','CT231')
INSERT INTO CH_CTTT VALUES('CH03','CT241')
INSERT INTO CH_CTTT VALUES('CH03','CT251')
INSERT INTO CH_CTTT VALUES('CH03','CT261')
INSERT INTO CH_CTTT VALUES('CH03','CT272')
INSERT INTO CH_CTTT VALUES('CH03','CT285')
INSERT INTO CH_CTTT VALUES('CH03','CT293')
INSERT INTO CH_CTTT VALUES('CH03','CT303')
INSERT INTO CH_CTTT VALUES('CH03','CT312')
INSERT INTO CH_CTTT VALUES('CH03','CT321')
INSERT INTO CH_CTTT VALUES('CH03','CT323')
INSERT INTO CH_CTTT VALUES('CH03','CT332')
INSERT INTO CH_CTTT VALUES('CH03','CT343')
INSERT INTO CH_CTTT VALUES('CH03','CT344')
INSERT INTO CH_CTTT VALUES('CH03','CT345')
INSERT INTO CH_CTTT VALUES('CH03','CT346')
INSERT INTO CH_CTTT VALUES('CH03','CT347')
INSERT INTO CH_CTTT VALUES('CH03','CT351')
INSERT INTO CH_CTTT VALUES('CH03','CT361')
INSERT INTO CH_CTTT VALUES('CH03','CT371')
INSERT INTO CH_CTTT VALUES('CH03','CT373')
INSERT INTO CH_CTTT VALUES('CH03','CT374')
INSERT INTO CH_CTTT VALUES('CH03','CT381')
INSERT INTO CH_CTTT VALUES('CH03','CT382')
INSERT INTO CH_CTTT VALUES('CH03','CT383')
INSERT INTO CH_CTTT VALUES('CH03','CT384')
INSERT INTO CH_CTTT VALUES('CH03','CT392')
INSERT INTO SANPHAM VALUES('SP03','OPPO A92',N'Mới',N'TH03',N'Đang bán','1/5/2020',N'Giới thiệu',0,'CH03')
INSERT INTO GIA_SP VALUES('SP03','1/5/2020','5990000',NULL)
INSERT INTO HINHANH VALUES('SP03','MS01','https://cdn.tgdd.vn/Products/Images/42/220654/oppo-a92-tim-600x600.jpg','NEN')
INSERT INTO HINHANH VALUES('SP03','MS01','//cdn.tgdd.vn/Products/Images/42/220654/oppo-a92-tim-1-org.jpg','PHU')
INSERT INTO HINHANH VALUES('SP03','MS01','//cdn.tgdd.vn/Products/Images/42/220654/oppo-a92-tim-2-org.jpg','PHU')
INSERT INTO HINHANH VALUES('SP03','MS01','//cdn.tgdd.vn/Products/Images/42/220654/oppo-a92-tim-3-org.jpg','PHU')
INSERT INTO HINHANH VALUES('SP03','MS01','//cdn.tgdd.vn/Products/Images/42/220654/oppo-a92-tim-4-org.jpg','PHU')

INSERT INTO SOLUONG_SP VALUES('SP03','MS01',20,0)
--Vivo V20
INSERT INTO CH_CTTT VALUES('CH04','CT04')
INSERT INTO CH_CTTT VALUES('CH04','CT12')
INSERT INTO CH_CTTT VALUES('CH04','CT24')
INSERT INTO CH_CTTT VALUES('CH04','CT34')
INSERT INTO CH_CTTT VALUES('CH04','CT44')
INSERT INTO CH_CTTT VALUES('CH04','CT53')
INSERT INTO CH_CTTT VALUES('CH04','CT52')
INSERT INTO CH_CTTT VALUES('CH04','CT61')
INSERT INTO CH_CTTT VALUES('CH04','CT78')
INSERT INTO CH_CTTT VALUES('CH04','CT71')
INSERT INTO CH_CTTT VALUES('CH04','CT74')
INSERT INTO CH_CTTT VALUES('CH04','CT76')
INSERT INTO CH_CTTT VALUES('CH04','CT77')
INSERT INTO CH_CTTT VALUES('CH04','CT711')
INSERT INTO CH_CTTT VALUES('CH04','CT85')
INSERT INTO CH_CTTT VALUES('CH04','CT92')
INSERT INTO CH_CTTT VALUES('CH04','CT101')
INSERT INTO CH_CTTT VALUES('CH04','CT102')
INSERT INTO CH_CTTT VALUES('CH04','CT105')
INSERT INTO CH_CTTT VALUES('CH04','CT112')
INSERT INTO CH_CTTT VALUES('CH04','CT122')
INSERT INTO CH_CTTT VALUES('CH04','CT132')
INSERT INTO CH_CTTT VALUES('CH04','CT141')
INSERT INTO CH_CTTT VALUES('CH04','CT152')
INSERT INTO CH_CTTT VALUES('CH04','CT161')
INSERT INTO CH_CTTT VALUES('CH04','CT172')
INSERT INTO CH_CTTT VALUES('CH04','CT182')
INSERT INTO CH_CTTT VALUES('CH04','CT192')
INSERT INTO CH_CTTT VALUES('CH04','CT204')
INSERT INTO CH_CTTT VALUES('CH04','CT201')
INSERT INTO CH_CTTT VALUES('CH04','CT202')
INSERT INTO CH_CTTT VALUES('CH04','CT211')
INSERT INTO CH_CTTT VALUES('CH04','CT213')
INSERT INTO CH_CTTT VALUES('CH04','CT212')
INSERT INTO CH_CTTT VALUES('CH04','CT221')
INSERT INTO CH_CTTT VALUES('CH04','CT222')
INSERT INTO CH_CTTT VALUES('CH04','CT223')
INSERT INTO CH_CTTT VALUES('CH04','CT231')
INSERT INTO CH_CTTT VALUES('CH04','CT241')
INSERT INTO CH_CTTT VALUES('CH04','CT261')
INSERT INTO CH_CTTT VALUES('CH04','CT273')
INSERT INTO CH_CTTT VALUES('CH04','CT281')
INSERT INTO CH_CTTT VALUES('CH04','CT294')
INSERT INTO CH_CTTT VALUES('CH04','CT304')
INSERT INTO CH_CTTT VALUES('CH04','CT312')
INSERT INTO CH_CTTT VALUES('CH04','CT321')
INSERT INTO CH_CTTT VALUES('CH04','CT323')
INSERT INTO CH_CTTT VALUES('CH04','CT325')
INSERT INTO CH_CTTT VALUES('CH04','CT333')
INSERT INTO CH_CTTT VALUES('CH04','CT344')
INSERT INTO CH_CTTT VALUES('CH04','CT345')
INSERT INTO CH_CTTT VALUES('CH04','CT347')
INSERT INTO CH_CTTT VALUES('CH04','CT351')
INSERT INTO CH_CTTT VALUES('CH04','CT361')
INSERT INTO CH_CTTT VALUES('CH04','CT373')
INSERT INTO CH_CTTT VALUES('CH04','CT372')
INSERT INTO CH_CTTT VALUES('CH04','CT375')
INSERT INTO CH_CTTT VALUES('CH04','CT381')
INSERT INTO CH_CTTT VALUES('CH04','CT386')
INSERT INTO CH_CTTT VALUES('CH04','CT383')
INSERT INTO CH_CTTT VALUES('CH04','CT384')
INSERT INTO CH_CTTT VALUES('CH04','CT393')
INSERT INTO SANPHAM VALUES('SP04','Vivo V20',N'Mới',N'TH05',N'Đang bán','1/10/2020',N'Giới thiệu',0,'CH04')
INSERT INTO GIA_SP VALUES('SP04','1/10/2020','7990000','8490000')
INSERT INTO HINHANH VALUES('SP04','MS01','https://cdn.tgdd.vn/Products/Images/42/228453/vivo-v20-600-xanh-hong-2-600x600.jpg','NEN')
INSERT INTO HINHANH VALUES('SP04','MS01','//cdn.tgdd.vn/Products/Images/42/228453/vivo-v20-xanh-hong-1-org.jpg','PHU')
INSERT INTO HINHANH VALUES('SP04','MS01','//cdn.tgdd.vn/Products/Images/42/228453/vivo-v20-xanh-hong-2-org.jpg','PHU')
INSERT INTO HINHANH VALUES('SP04','MS01','//cdn.tgdd.vn/Products/Images/42/228453/vivo-v20-xanh-hong-3-org.jpg','PHU')
INSERT INTO HINHANH VALUES('SP04','MS01','//cdn.tgdd.vn/Products/Images/42/228453/vivo-v20-xanh-hong-4-org.jpg','PHU')

INSERT INTO SOLUONG_SP VALUES('SP04','MS01',15,0)
--Xiaomi Redmi 9
INSERT INTO CH_CTTT VALUES('CH05','CT05')
INSERT INTO CH_CTTT VALUES('CH05','CT12')
INSERT INTO CH_CTTT VALUES('CH05','CT24')
INSERT INTO CH_CTTT VALUES('CH05','CT33')
INSERT INTO CH_CTTT VALUES('CH05','CT45')
INSERT INTO CH_CTTT VALUES('CH05','CT52')
INSERT INTO CH_CTTT VALUES('CH05','CT54')
INSERT INTO CH_CTTT VALUES('CH05','CT62')
INSERT INTO CH_CTTT VALUES('CH05','CT78')
INSERT INTO CH_CTTT VALUES('CH05','CT77')
INSERT INTO CH_CTTT VALUES('CH05','CT710')
INSERT INTO CH_CTTT VALUES('CH05','CT85')
INSERT INTO CH_CTTT VALUES('CH05','CT92')
INSERT INTO CH_CTTT VALUES('CH05','CT106')
INSERT INTO CH_CTTT VALUES('CH05','CT102')
INSERT INTO CH_CTTT VALUES('CH05','CT103')
INSERT INTO CH_CTTT VALUES('CH05','CT111')
INSERT INTO CH_CTTT VALUES('CH05','CT125')
INSERT INTO CH_CTTT VALUES('CH05','CT132')
INSERT INTO CH_CTTT VALUES('CH05','CT145')
INSERT INTO CH_CTTT VALUES('CH05','CT151')
INSERT INTO CH_CTTT VALUES('CH05','CT162')
INSERT INTO CH_CTTT VALUES('CH05','CT171')
INSERT INTO CH_CTTT VALUES('CH05','CT182')
INSERT INTO CH_CTTT VALUES('CH05','CT191')
INSERT INTO CH_CTTT VALUES('CH05','CT202')
INSERT INTO CH_CTTT VALUES('CH05','CT201')
INSERT INTO CH_CTTT VALUES('CH05','CT204')
INSERT INTO CH_CTTT VALUES('CH05','CT214')
INSERT INTO CH_CTTT VALUES('CH05','CT211')
INSERT INTO CH_CTTT VALUES('CH05','CT212')
INSERT INTO CH_CTTT VALUES('CH05','CT231')
INSERT INTO CH_CTTT VALUES('CH05','CT241')
INSERT INTO CH_CTTT VALUES('CH05','CT251')
INSERT INTO CH_CTTT VALUES('CH05','CT261')
INSERT INTO CH_CTTT VALUES('CH05','CT272')
INSERT INTO CH_CTTT VALUES('CH05','CT283')
INSERT INTO CH_CTTT VALUES('CH05','CT293')
INSERT INTO CH_CTTT VALUES('CH05','CT303')
INSERT INTO CH_CTTT VALUES('CH05','CT312')
INSERT INTO CH_CTTT VALUES('CH05','CT321')
INSERT INTO CH_CTTT VALUES('CH05','CT323')
INSERT INTO CH_CTTT VALUES('CH05','CT333')
INSERT INTO CH_CTTT VALUES('CH05','CT332')
INSERT INTO CH_CTTT VALUES('CH05','CT345')
INSERT INTO CH_CTTT VALUES('CH05','CT346')
INSERT INTO CH_CTTT VALUES('CH05','CT343')
INSERT INTO CH_CTTT VALUES('CH05','CT352')
INSERT INTO CH_CTTT VALUES('CH05','CT361')
INSERT INTO CH_CTTT VALUES('CH05','CT375')
INSERT INTO CH_CTTT VALUES('CH05','CT373')
INSERT INTO CH_CTTT VALUES('CH05','CT382')
INSERT INTO CH_CTTT VALUES('CH05','CT383')
INSERT INTO CH_CTTT VALUES('CH05','CT384')
INSERT INTO CH_CTTT VALUES('CH05','CT383')
INSERT INTO CH_CTTT VALUES('CH05','CT395')


INSERT INTO SANPHAM VALUES('SP05','Xiaomi Redmi 9',N'Mới',N'TH04',N'Đang bán','1/10/2020',N'Giới thiệu',0,'CH05')
INSERT INTO GIA_SP VALUES('SP05','1/10/2020','3490000','3990000')
INSERT INTO HINHANH VALUES('SP05','MS07','https://cdn.tgdd.vn/Products/Images/42/217308/TimerThumb/xiaomi-redmi-9-(34).jpg','NEN')
INSERT INTO HINHANH VALUES('SP05','MS07','https://cdn.tgdd.vn/Products/Images/42/217308/xiaomi-redmi-9-tim-2-org.jpg','PHU')
INSERT INTO HINHANH VALUES('SP05','MS07','https://cdn.tgdd.vn/Products/Images/42/217308/xiaomi-redmi-9-tim-1-org.jpg','PHU')
INSERT INTO HINHANH VALUES('SP05','MS07','https://cdn.tgdd.vn/Products/Images/42/217308/xiaomi-redmi-9-tim-3-org.jpg','PHU')
INSERT INTO HINHANH VALUES('SP05','MS07','https://cdn.tgdd.vn/Products/Images/42/217308/xiaomi-redmi-9-tim-4-org.jpg','PHU')
INSERT INTO HINHANH VALUES('SP05','MS07','https://cdn.tgdd.vn/Products/Images/42/217308/xiaomi-redmi-9-tim-5-org.jpg','PHU')
INSERT INTO HINHANH VALUES('SP05','MS07','https://cdn.tgdd.vn/Products/Images/42/217308/xiaomi-redmi-9-tim-6-org.jpg','PHU')
INSERT INTO SOLUONG_SP VALUES('SP05','MS07',10,0)

INSERT INTO HINHANH VALUES('SP05','MS08','https://cdn.tgdd.vn/Products/Images/42/217308/xiaomi-redmi-9-xam-new-600x600-200x200.jpg','NEN')
INSERT INTO HINHANH VALUES('SP05','MS08','https://cdn.tgdd.vn/Products/Images/42/217308/xiaomi-redmi-9-xam-3-org.jpg','PHU')
INSERT INTO HINHANH VALUES('SP05','MS08','https://cdn.tgdd.vn/Products/Images/42/217308/xiaomi-redmi-9-xam-1-org.jpg','PHU')
INSERT INTO HINHANH VALUES('SP05','MS08','https://cdn.tgdd.vn/Products/Images/42/217308/xiaomi-redmi-9-xam-3-org.jpg','PHU')
INSERT INTO HINHANH VALUES('SP05','MS08','https://cdn.tgdd.vn/Products/Images/42/217308/xiaomi-redmi-9-xam-4-org.jpg','PHU')
INSERT INTO HINHANH VALUES('SP05','MS08','https://cdn.tgdd.vn/Products/Images/42/217308/xiaomi-redmi-9-xam-5-org.jpg','PHU')
INSERT INTO HINHANH VALUES('SP05','MS08','https://cdn.tgdd.vn/Products/Images/42/217308/xiaomi-redmi-9-xam-6-org.jpg','PHU')
INSERT INTO SOLUONG_SP VALUES('SP05','MS08',15,0)
--Realme 5i

	INSERT INTO CH_CTTT VALUES('CH06','CT05')
INSERT INTO CH_CTTT VALUES('CH06','CT13')
INSERT INTO CH_CTTT VALUES('CH06','CT23')
INSERT INTO CH_CTTT VALUES('CH06','CT33')
INSERT INTO CH_CTTT VALUES('CH06','CT45')
INSERT INTO CH_CTTT VALUES('CH06','CT52')
INSERT INTO CH_CTTT VALUES('CH06','CT51')
INSERT INTO CH_CTTT VALUES('CH06','CT62')
INSERT INTO CH_CTTT VALUES('CH06','CT71')
INSERT INTO CH_CTTT VALUES('CH06','CT72')
INSERT INTO CH_CTTT VALUES('CH06','CT74')
INSERT INTO CH_CTTT VALUES('CH06','CT76')
INSERT INTO CH_CTTT VALUES('CH06','CT85')
INSERT INTO CH_CTTT VALUES('CH06','CT92')
INSERT INTO CH_CTTT VALUES('CH06','CT101')
INSERT INTO CH_CTTT VALUES('CH06','CT103')
INSERT INTO CH_CTTT VALUES('CH06','CT106')
INSERT INTO CH_CTTT VALUES('CH06','CT111')
INSERT INTO CH_CTTT VALUES('CH06','CT123')
INSERT INTO CH_CTTT VALUES('CH06','CT133')
INSERT INTO CH_CTTT VALUES('CH06','CT142')
INSERT INTO CH_CTTT VALUES('CH06','CT151')
INSERT INTO CH_CTTT VALUES('CH06','CT162')
INSERT INTO CH_CTTT VALUES('CH06','CT172')
INSERT INTO CH_CTTT VALUES('CH06','CT182')
INSERT INTO CH_CTTT VALUES('CH06','CT191')
INSERT INTO CH_CTTT VALUES('CH06','CT204')
INSERT INTO CH_CTTT VALUES('CH06','CT203')
INSERT INTO CH_CTTT VALUES('CH06','CT211')
INSERT INTO CH_CTTT VALUES('CH06','CT213')
INSERT INTO CH_CTTT VALUES('CH06','CT214')
INSERT INTO CH_CTTT VALUES('CH06','CT222')
INSERT INTO CH_CTTT VALUES('CH06','CT223')
INSERT INTO CH_CTTT VALUES('CH06','CT231')
INSERT INTO CH_CTTT VALUES('CH06','CT241')
INSERT INTO CH_CTTT VALUES('CH06','CT251')
INSERT INTO CH_CTTT VALUES('CH06','CT272')
INSERT INTO CH_CTTT VALUES('CH06','CT281')
INSERT INTO CH_CTTT VALUES('CH06','CT293')
INSERT INTO CH_CTTT VALUES('CH06','CT303')
INSERT INTO CH_CTTT VALUES('CH06','CT312')
INSERT INTO CH_CTTT VALUES('CH06','CT323')
INSERT INTO CH_CTTT VALUES('CH06','CT332')
INSERT INTO CH_CTTT VALUES('CH06','CT344')
INSERT INTO CH_CTTT VALUES('CH06','CT345')
INSERT INTO CH_CTTT VALUES('CH06','CT346')
INSERT INTO CH_CTTT VALUES('CH06','CT351')
INSERT INTO CH_CTTT VALUES('CH06','CT361')
INSERT INTO CH_CTTT VALUES('CH06','CT373')
INSERT INTO CH_CTTT VALUES('CH06','CT372')
INSERT INTO CH_CTTT VALUES('CH06','CT374')
INSERT INTO CH_CTTT VALUES('CH06','CT383')
INSERT INTO CH_CTTT VALUES('CH06','CT382')
INSERT INTO CH_CTTT VALUES('CH06','CT385')
INSERT INTO CH_CTTT VALUES('CH06','CT396')
select * from THUONGHIEU
INSERT INTO SANPHAM VALUES('SP06','Realme 5i',N'Mới',N'TH07',N'Đang bán','1/10/2020',N'Giới thiệu',0,'CH06')
INSERT INTO GIA_SP VALUES('SP06','1/10/2020','3690000','3990000')
INSERT INTO HINHANH VALUES('SP06','MS09','https://cdn.tgdd.vn/Products/Images/42/217331/realme-5i-xanh-duong-new-600x600-1-600x600.jpg','NEN')
INSERT INTO HINHANH VALUES('SP06','MS09','https://cdn.tgdd.vn/Products/Images/42/217331/realme-5i-4g-xanhla-up-2-org.jpg','PHU')
INSERT INTO HINHANH VALUES('SP06','MS09','https://cdn.tgdd.vn/Products/Images/42/217331/realme-5i-4g-xanhla-up-1-org.jpg','PHU')
INSERT INTO HINHANH VALUES('SP06','MS09','https://cdn.tgdd.vn/Products/Images/42/217331/realme-5i-4g-xanhla-up-3-org.jpg','PHU')
INSERT INTO HINHANH VALUES('SP06','MS09','https://cdn.tgdd.vn/Products/Images/42/217331/realme-5i-4g-xanhla-up-4-org.jpg','PHU')
INSERT INTO HINHANH VALUES('SP06','MS09','https://cdn.tgdd.vn/Products/Images/42/217331/realme-5i-4g-xanhla-up-5-org.jpg','PHU')
INSERT INTO HINHANH VALUES('SP06','MS09','https://cdn.tgdd.vn/Products/Images/42/217331/realme-5i-4g-xanhla-up-6-org.jpg','PHU')
INSERT INTO SOLUONG_SP VALUES('SP06','MS09',15,0)
--Huawei Nova 7i 
INSERT INTO CH_CTTT VALUES('CH07','CT05')
INSERT INTO CH_CTTT VALUES('CH07','CT12')
INSERT INTO CH_CTTT VALUES('CH07','CT24')
INSERT INTO CH_CTTT VALUES('CH07','CT32')
INSERT INTO CH_CTTT VALUES('CH07','CT43')
INSERT INTO CH_CTTT VALUES('CH07','CT52')
INSERT INTO CH_CTTT VALUES('CH07','CT54')
INSERT INTO CH_CTTT VALUES('CH07','CT62')
INSERT INTO CH_CTTT VALUES('CH07','CT71')
INSERT INTO CH_CTTT VALUES('CH07','CT78')
INSERT INTO CH_CTTT VALUES('CH07','CT79')
INSERT INTO CH_CTTT VALUES('CH07','CT74')
INSERT INTO CH_CTTT VALUES('CH07','CT83')
INSERT INTO CH_CTTT VALUES('CH07','CT92')
INSERT INTO CH_CTTT VALUES('CH07','CT101')
INSERT INTO CH_CTTT VALUES('CH07','CT103')
INSERT INTO CH_CTTT VALUES('CH07','CT106')
INSERT INTO CH_CTTT VALUES('CH07','CT114')
INSERT INTO CH_CTTT VALUES('CH07','CT127')
INSERT INTO CH_CTTT VALUES('CH07','CT132')
INSERT INTO CH_CTTT VALUES('CH07','CT146')
INSERT INTO CH_CTTT VALUES('CH07','CT152')
INSERT INTO CH_CTTT VALUES('CH07','CT161')
INSERT INTO CH_CTTT VALUES('CH07','CT172')
INSERT INTO CH_CTTT VALUES('CH07','CT182')
INSERT INTO CH_CTTT VALUES('CH07','CT191')
INSERT INTO CH_CTTT VALUES('CH07','CT204')
INSERT INTO CH_CTTT VALUES('CH07','CT201')
INSERT INTO CH_CTTT VALUES('CH07','CT202')
INSERT INTO CH_CTTT VALUES('CH07','CT213')
INSERT INTO CH_CTTT VALUES('CH07','CT211')
INSERT INTO CH_CTTT VALUES('CH07','CT223')
INSERT INTO CH_CTTT VALUES('CH07','CT222')
INSERT INTO CH_CTTT VALUES('CH07','CT231')
INSERT INTO CH_CTTT VALUES('CH07','CT241')
INSERT INTO CH_CTTT VALUES('CH07','CT251')
INSERT INTO CH_CTTT VALUES('CH07','CT261')
INSERT INTO CH_CTTT VALUES('CH07','CT272')
INSERT INTO CH_CTTT VALUES('CH07','CT282')
INSERT INTO CH_CTTT VALUES('CH07','CT295')
INSERT INTO CH_CTTT VALUES('CH07','CT304')
INSERT INTO CH_CTTT VALUES('CH07','CT312')
INSERT INTO CH_CTTT VALUES('CH07','CT332')
INSERT INTO CH_CTTT VALUES('CH07','CT344')
INSERT INTO CH_CTTT VALUES('CH07','CT343')
INSERT INTO CH_CTTT VALUES('CH07','CT345')
INSERT INTO CH_CTTT VALUES('CH07','CT352')
INSERT INTO CH_CTTT VALUES('CH07','CT361')
INSERT INTO CH_CTTT VALUES('CH07','CT371')
INSERT INTO CH_CTTT VALUES('CH07','CT374')
INSERT INTO CH_CTTT VALUES('CH07','CT372')
INSERT INTO CH_CTTT VALUES('CH07','CT382')
INSERT INTO CH_CTTT VALUES('CH07','CT383')
INSERT INTO CH_CTTT VALUES('CH07','CT396')

select * from THUONGHIEU
INSERT INTO SANPHAM VALUES('SP07','Huawei Nova 7i',N'Mới',N'TH06',N'Đang bán','1/10/2020',N'Giới thiệu',0,'CH07')
INSERT INTO GIA_SP VALUES('SP07','1/10/2020','6990000','7290000')
INSERT INTO HINHANH VALUES('SP07','MS06','https://cdn.tgdd.vn/Products/Images/42/218363/huawei-nova-7i-pink-600x600-1-600x600.jpg','NEN')
INSERT INTO HINHANH VALUES('SP07','MS06','https://cdn.tgdd.vn/Products/Images/42/218363/huawei-nova-7i-hong-1-org.jpg','PHU')
INSERT INTO HINHANH VALUES('SP07','MS06','https://cdn.tgdd.vn/Products/Images/42/218363/huawei-nova-7i-hong-2-org.jpg','PHU')
INSERT INTO HINHANH VALUES('SP07','MS06','https://cdn.tgdd.vn/Products/Images/42/218363/huawei-nova-7i-hong-3-org.jpg','PHU')
INSERT INTO HINHANH VALUES('SP07','MS06','https://cdn.tgdd.vn/Products/Images/42/218363/huawei-nova-7i-hong-4-org.jpg','PHU')
INSERT INTO HINHANH VALUES('SP07','MS06','https://cdn.tgdd.vn/Products/Images/42/218363/huawei-nova-7i-hong-5-org.jpg','PHU')
INSERT INTO HINHANH VALUES('SP07','MS06','https://cdn.tgdd.vn/Products/Images/42/218363/huawei-nova-7i-hong-6-org.jpg','PHU')

INSERT INTO SOLUONG_SP VALUES('SP07','MS06',22,0)
SELECT * FROM MAUSAC
INSERT INTO HINHANH VALUES('SP07','MS09','https://cdn.tgdd.vn/Products/Images/42/218363/huawei-nova-7i-green-600x600-1-600x600.jpg','NEN')
INSERT INTO HINHANH VALUES('SP07','MS09','https://cdn.tgdd.vn/Products/Images/42/218363/huawei-nova-7i-xanh-la-1-org.jpg','PHU')
INSERT INTO HINHANH VALUES('SP07','MS09','https://cdn.tgdd.vn/Products/Images/42/218363/huawei-nova-7i-xanh-la-2-org.jpg','PHU')
INSERT INTO HINHANH VALUES('SP07','MS09','https://cdn.tgdd.vn/Products/Images/42/218363/huawei-nova-7i-xanh-la-3-org.jpg','PHU')
INSERT INTO HINHANH VALUES('SP07','MS09','https://cdn.tgdd.vn/Products/Images/42/218363/huawei-nova-7i-xanh-la-4-org.jpg','PHU')
INSERT INTO HINHANH VALUES('SP07','MS09','https://cdn.tgdd.vn/Products/Images/42/218363/huawei-nova-7i-xanh-la-5-org.jpg','PHU')
INSERT INTO SOLUONG_SP VALUES('SP07','MS09',15,0)

select * from THUONGHIEU
-- OPPO Find X2
INSERT INTO CH_CTTT VALUES('CH08','CT01')
INSERT INTO CH_CTTT VALUES('CH08','CT11')
INSERT INTO CH_CTTT VALUES('CH08','CT21')
INSERT INTO CH_CTTT VALUES('CH08','CT31')
INSERT INTO CH_CTTT VALUES('CH08','CT41')
INSERT INTO CH_CTTT VALUES('CH08','CT51')
INSERT INTO CH_CTTT VALUES('CH08','CT52')
INSERT INTO CH_CTTT VALUES('CH08','CT53')
INSERT INTO CH_CTTT VALUES('CH08','CT61')
INSERT INTO CH_CTTT VALUES('CH08','CT71')
INSERT INTO CH_CTTT VALUES('CH08','CT72')
INSERT INTO CH_CTTT VALUES('CH08','CT73')
INSERT INTO CH_CTTT VALUES('CH08','CT74')
INSERT INTO CH_CTTT VALUES('CH08','CT75')
INSERT INTO CH_CTTT VALUES('CH08','CT76')
INSERT INTO CH_CTTT VALUES('CH08','CT81')
INSERT INTO CH_CTTT VALUES('CH08','CT91')
INSERT INTO CH_CTTT VALUES('CH08','CT101')
INSERT INTO CH_CTTT VALUES('CH08','CT102')
INSERT INTO CH_CTTT VALUES('CH08','CT103')
INSERT INTO CH_CTTT VALUES('CH08','CT104')
INSERT INTO CH_CTTT VALUES('CH08','CT105')
INSERT INTO CH_CTTT VALUES('CH08','CT111')
INSERT INTO CH_CTTT VALUES('CH08','CT121')
INSERT INTO CH_CTTT VALUES('CH08','CT135')
INSERT INTO CH_CTTT VALUES('CH08','CT142')
INSERT INTO CH_CTTT VALUES('CH08','CT151')
INSERT INTO CH_CTTT VALUES('CH08','CT161')
INSERT INTO CH_CTTT VALUES('CH08','CT181')
INSERT INTO CH_CTTT VALUES('CH08','CT192')
INSERT INTO CH_CTTT VALUES('CH08','CT201')
INSERT INTO CH_CTTT VALUES('CH08','CT202')
INSERT INTO CH_CTTT VALUES('CH08','CT203')
INSERT INTO CH_CTTT VALUES('CH08','CT204')
INSERT INTO CH_CTTT VALUES('CH08','CT211')
INSERT INTO CH_CTTT VALUES('CH08','CT212')
INSERT INTO CH_CTTT VALUES('CH08','CT213')
INSERT INTO CH_CTTT VALUES('CH08','CT214')
INSERT INTO CH_CTTT VALUES('CH08','CT215')
INSERT INTO CH_CTTT VALUES('CH08','CT221')
INSERT INTO CH_CTTT VALUES('CH08','CT222')
INSERT INTO CH_CTTT VALUES('CH08','CT232')
INSERT INTO CH_CTTT VALUES('CH08','CT242')
INSERT INTO CH_CTTT VALUES('CH08','CT261')
INSERT INTO CH_CTTT VALUES('CH08','CT271')
INSERT INTO CH_CTTT VALUES('CH08','CT282')
INSERT INTO CH_CTTT VALUES('CH08','CT291')
INSERT INTO CH_CTTT VALUES('CH08','CT301')
INSERT INTO CH_CTTT VALUES('CH08','CT311')
INSERT INTO CH_CTTT VALUES('CH08','CT321')
INSERT INTO CH_CTTT VALUES('CH08','CT322')
INSERT INTO CH_CTTT VALUES('CH08','CT323')
INSERT INTO CH_CTTT VALUES('CH08','CT324')
INSERT INTO CH_CTTT VALUES('CH08','CT331')
INSERT INTO CH_CTTT VALUES('CH08','CT341')
INSERT INTO CH_CTTT VALUES('CH08','CT352')
INSERT INTO CH_CTTT VALUES('CH08','CT371')
INSERT INTO CH_CTTT VALUES('CH08','CT385')
INSERT INTO CH_CTTT VALUES('CH08','CT386')
INSERT INTO CH_CTTT VALUES('CH08','CT384')
INSERT INTO CH_CTTT VALUES('CH08','CT382')
INSERT INTO CH_CTTT VALUES('CH08','CT391')

INSERT INTO SANPHAM VALUES('SP08','OPPO Find X2',N'Mới',N'TH03',N'Đang bán','15/11/2020',N'Giới thiệu về OPPO Find X2',0,'CH08')
INSERT INTO GIA_SP VALUES('SP08','1/11/2020','19990000',NULL)
INSERT INTO GIA_SP VALUES('SP08','3/11/2020','20000000',NULL)
INSERT INTO GIA_SP VALUES('SP08','7/4/2020','21990000',NULL)
INSERT INTO GIA_SP VALUES('SP08','5/8/2020','22990000',NULL)
select * from HINHANH
INSERT INTO HINHANH VALUES('SP08','MS01','https://cdn.tgdd.vn/Products/Images/42/198150/oppo-find-x2-blue-600x600-1-600x600.jpg','NEN')
INSERT INTO HINHANH VALUES('SP08','MS01','//cdn.tgdd.vn/Products/Images/42/198150/oppo-find-x2-xanh-duong-5-org.jpg','PHU')
INSERT INTO HINHANH VALUES('SP08','MS01','//cdn.tgdd.vn/Products/Images/42/198150/oppo-find-x2-xanh-duong-6-org.jpg','PHU')
INSERT INTO HINHANH VALUES('SP08','MS01','//cdn.tgdd.vn/Products/Images/42/198150/oppo-find-x2-xanh-duong-9-org.jpg','PHU')
INSERT INTO HINHANH VALUES('SP08','MS01','//cdn.tgdd.vn/Products/Images/42/198150/oppo-find-x2-xanh-duong-2-org.jpg','PHU')
INSERT INTO HINHANH VALUES('SP08','MS01','//cdn.tgdd.vn/Products/Images/42/198150/oppo-find-x2-xanh-duong-13-org.jpg','PHU')

INSERT INTO SOLUONG_SP VALUES('SP08','MS01',10,0)
INSERT INTO HINHANH VALUES('SP08','MS03','https://cdn.tgdd.vn/Products/Images/42/198150/oppo-find-x2-black-600x600-2-600x600.jpg','NEN')
INSERT INTO HINHANH VALUES('SP08','MS03','//cdn.tgdd.vn/Products/Images/42/198150/oppo-find-x2-den-6-org.jpg','PHU')
INSERT INTO HINHANH VALUES('SP08','MS03','//cdn.tgdd.vn/Products/Images/42/198150/oppo-find-x2-den-13-org.jpg','PHU')
INSERT INTO HINHANH VALUES('SP08','MS03','//cdn.tgdd.vn/Products/Images/42/198150/oppo-find-x2-den-2-org.jpg','PHU')
INSERT INTO HINHANH VALUES('SP08','MS03','//cdn.tgdd.vn/Products/Images/42/198150/oppo-find-x2-den-4-org.jpg','PHU')
INSERT INTO HINHANH VALUES('SP08','MS03','//cdn.tgdd.vn/Products/Images/42/198150/oppo-find-x2-den-5-org.jpg','PHU')

INSERT INTO SOLUONG_SP VALUES('SP08','MS03',7,0)
--Itel it9200 4G
INSERT INTO CH_CTTT VALUES('CH09','CT01')
INSERT INTO CH_CTTT VALUES('CH09','CT11')
INSERT INTO CH_CTTT VALUES('CH09','CT21')
INSERT INTO CH_CTTT VALUES('CH09','CT31')
INSERT INTO CH_CTTT VALUES('CH09','CT41')
INSERT INTO CH_CTTT VALUES('CH09','CT51')
INSERT INTO CH_CTTT VALUES('CH09','CT81')
INSERT INTO CH_CTTT VALUES('CH09','CT91')
INSERT INTO CH_CTTT VALUES('CH09','CT151')
INSERT INTO CH_CTTT VALUES('CH09','CT192')
INSERT INTO CH_CTTT VALUES('CH09','CT221')
INSERT INTO CH_CTTT VALUES('CH09','CT222')
INSERT INTO CH_CTTT VALUES('CH09','CT242')
INSERT INTO CH_CTTT VALUES('CH09','CT261')
INSERT INTO CH_CTTT VALUES('CH09','CT271')
INSERT INTO CH_CTTT VALUES('CH09','CT282')
INSERT INTO CH_CTTT VALUES('CH09','CT291')
INSERT INTO CH_CTTT VALUES('CH09','CT301')
INSERT INTO CH_CTTT VALUES('CH09','CT311')
INSERT INTO CH_CTTT VALUES('CH09','CT321')
INSERT INTO CH_CTTT VALUES('CH09','CT322')
INSERT INTO CH_CTTT VALUES('CH09','CT323')
INSERT INTO CH_CTTT VALUES('CH09','CT324')
INSERT INTO CH_CTTT VALUES('CH09','CT331')
INSERT INTO CH_CTTT VALUES('CH09','CT341')
INSERT INTO CH_CTTT VALUES('CH09','CT352')
INSERT INTO CH_CTTT VALUES('CH09','CT385')
INSERT INTO CH_CTTT VALUES('CH09','CT384')
INSERT INTO CH_CTTT VALUES('CH09','CT382')
INSERT INTO CH_CTTT VALUES('CH09','CT391')

INSERT INTO SANPHAM VALUES('SP09','Itel it9200 4G',N'Mới',N'TH09',N'Đang bán','15/11/2020',N'Giới thiệu về Cục gạch',10,'CH09')
INSERT INTO GIA_SP VALUES('SP09','1/11/2020','790000',NULL)
INSERT INTO GIA_SP VALUES('SP09','3/11/2020','990000',NULL)
INSERT INTO GIA_SP VALUES('SP09','7/4/2020','690000',NULL)
INSERT INTO GIA_SP VALUES('SP09','5/8/2020','890000',NULL)
select * from HINHANH
INSERT INTO HINHANH VALUES('SP09','MS03','https://cdn.tgdd.vn/Products/Images/42/232657/itel-it9200-den-600x600-5-600x600.jpg','NEN')
INSERT INTO HINHANH VALUES('SP09','MS03','//cdn.tgdd.vn/Products/Images/42/232657/itel-it9200-den-5-org.jpg','PHU')
INSERT INTO HINHANH VALUES('SP09','MS03','//cdn.tgdd.vn/Products/Images/42/232657/itel-it9200-den-6-org.jpg','PHU')
INSERT INTO HINHANH VALUES('SP09','MS03','//cdn.tgdd.vn/Products/Images/42/232657/itel-it9200-den-7-org.jpg','PHU')
INSERT INTO HINHANH VALUES('SP09','MS03','//cdn.tgdd.vn/Products/Images/42/232657/itel-it9200-den-3-1-org.jpg','PHU')

INSERT INTO SOLUONG_SP VALUES('SP09','MS03',7,0)
--Mobell M339
INSERT INTO CH_CTTT VALUES('CH10','CT01')
INSERT INTO CH_CTTT VALUES('CH10','CT11')
INSERT INTO CH_CTTT VALUES('CH10','CT21')
INSERT INTO CH_CTTT VALUES('CH10','CT31')
INSERT INTO CH_CTTT VALUES('CH10','CT41')
INSERT INTO CH_CTTT VALUES('CH10','CT51')
INSERT INTO CH_CTTT VALUES('CH10','CT81')
INSERT INTO CH_CTTT VALUES('CH10','CT91')
INSERT INTO CH_CTTT VALUES('CH10','CT151')
INSERT INTO CH_CTTT VALUES('CH10','CT192')
INSERT INTO CH_CTTT VALUES('CH10','CT221')
INSERT INTO CH_CTTT VALUES('CH10','CT222')
INSERT INTO CH_CTTT VALUES('CH10','CT242')
INSERT INTO CH_CTTT VALUES('CH10','CT261')
INSERT INTO CH_CTTT VALUES('CH10','CT271')
INSERT INTO CH_CTTT VALUES('CH10','CT282')
INSERT INTO CH_CTTT VALUES('CH10','CT291')
INSERT INTO CH_CTTT VALUES('CH10','CT301')
INSERT INTO CH_CTTT VALUES('CH10','CT311')
INSERT INTO CH_CTTT VALUES('CH10','CT321')
INSERT INTO CH_CTTT VALUES('CH10','CT322')
INSERT INTO CH_CTTT VALUES('CH10','CT323')
INSERT INTO CH_CTTT VALUES('CH10','CT324')
INSERT INTO CH_CTTT VALUES('CH10','CT331')
INSERT INTO CH_CTTT VALUES('CH10','CT341')
INSERT INTO CH_CTTT VALUES('CH10','CT352')
INSERT INTO CH_CTTT VALUES('CH10','CT385')
INSERT INTO CH_CTTT VALUES('CH10','CT384')
INSERT INTO CH_CTTT VALUES('CH10','CT382')
INSERT INTO CH_CTTT VALUES('CH10','CT391')

INSERT INTO SANPHAM VALUES('SP10','Mobell M339',N'Mới',N'TH09',N'Đang bán','15/11/2020',N'Giới thiệu về Cục gạch',10,'CH10')
INSERT INTO GIA_SP VALUES('SP10','1/11/2020','390000',NULL)
INSERT INTO GIA_SP VALUES('SP10','3/11/2020','290000',NULL)
INSERT INTO GIA_SP VALUES('SP10','7/4/2020','490000',NULL)
INSERT INTO GIA_SP VALUES('SP10','5/8/2020','350000',NULL)
select * from HINHANH
INSERT INTO HINHANH VALUES('SP10','MS02','https://cdn.tgdd.vn/Products/Images/42/139913/mobell-m339-do-new-600x600-600x600.jpg','NEN')
INSERT INTO HINHANH VALUES('SP10','MS02','//cdn.tgdd.vn/Products/Images/42/139913/mobell-m339-do-1-org.jpg','PHU')
INSERT INTO HINHANH VALUES('SP10','MS02','//cdn.tgdd.vn/Products/Images/42/139913/mobell-m339-do-4-org.jpg','PHU')
INSERT INTO HINHANH VALUES('SP10','MS02','//cdn.tgdd.vn/Products/Images/42/139913/mobell-m339-do-5-org.jpg','PHU')
INSERT INTO HINHANH VALUES('SP10','MS02','//cdn.tgdd.vn/Products/Images/42/139913/mobell-m339-do-3-org.jpg','PHU')
INSERT INTO HINHANH VALUES('SP10','MS02','//cdn.tgdd.vn/Products/Images/42/139913/mobell-m339-do-2-org.jpg','PHU')

INSERT INTO SOLUONG_SP VALUES('SP10','MS02',23,0)
INSERT INTO HINHANH VALUES('SP10','MS03','https://cdn.tgdd.vn/Products/Images/42/139913/mobell-m339-den-new-600x600-600x600.jpg','NEN')
INSERT INTO HINHANH VALUES('SP10','MS03','//cdn.tgdd.vn/Products/Images/42/139913/mobell-m339-den-1-org.jpg','PHU')
INSERT INTO HINHANH VALUES('SP10','MS03','//cdn.tgdd.vn/Products/Images/42/139913/mobell-m339-den-4-org.jpg','PHU')
INSERT INTO HINHANH VALUES('SP10','MS03','//cdn.tgdd.vn/Products/Images/42/139913/mobell-m339-den-5-org.jpg','PHU')
INSERT INTO HINHANH VALUES('SP10','MS03','//cdn.tgdd.vn/Products/Images/42/139913/mobell-m339-den-3-org.jpg','PHU')
INSERT INTO HINHANH VALUES('SP10','MS03','//cdn.tgdd.vn/Products/Images/42/139913/mobell-m339-den-2-org.jpg','PHU')

INSERT INTO SOLUONG_SP VALUES('SP10','MS03',17,0)
select * from MAUSAC
select * from SANPHAM
select * from thuonghieu
select th.tenth from THUONGHIEU th join SANPHAM sp on sp.MATH=th.MATH 

-- ĐÁNH GIÁ SẢN PHẨM
truncate table danhgia
INSERT INTO DANHGIA VALUES('SP01','KH01',5,'','10/1/2020')
INSERT INTO DANHGIA VALUES('SP01','KH02',5,'','10/1/2020')
INSERT INTO DANHGIA VALUES('SP01','KH03',5,'','10/1/2020')
INSERT INTO DANHGIA VALUES('SP01','KH04',5,'','10/1/2020')
INSERT INTO DANHGIA VALUES('SP01','KH05',5,'','10/1/2020')
INSERT INTO DANHGIA VALUES('SP01','KH06',5,'','10/1/2020')
INSERT INTO DANHGIA VALUES('SP01','KH07',5,'','10/1/2020')
INSERT INTO DANHGIA VALUES('SP01','KH08',5,'','10/1/2020')
INSERT INTO DANHGIA VALUES('SP01','KH09',5,'','10/1/2020')
INSERT INTO DANHGIA VALUES('SP01','KH10',5,'','10/1/2020')
INSERT INTO DANHGIA VALUES('SP01','KH11',5,'','10/1/2020')
INSERT INTO DANHGIA VALUES('SP01','KH12',5,'','10/1/2020')
INSERT INTO DANHGIA VALUES('SP01','KH13',5,'','10/1/2020')
INSERT INTO DANHGIA VALUES('SP01','KH14',5,'','10/1/2020')


INSERT INTO DANHGIA VALUES('SP01','1',4,'','10/1/2020')
INSERT INTO DANHGIA VALUES('SP01','2',4,'','10/1/2020')
INSERT INTO DANHGIA VALUES('SP01','3',4,'','10/1/2020')
INSERT INTO DANHGIA VALUES('SP01','4',4,'','10/1/2020')
INSERT INTO DANHGIA VALUES('SP01','5',4,'','10/1/2020')
INSERT INTO DANHGIA VALUES('SP01','6',4,'','10/1/2020')


INSERT INTO DANHGIA VALUES('SP01','7',3,'','10/1/2020')
INSERT INTO DANHGIA VALUES('SP01','8',3,'','10/1/2020')
INSERT INTO DANHGIA VALUES('SP01','9',3,'','10/1/2020')
INSERT INTO DANHGIA VALUES('SP01','10',3,'','10/1/2020')

INSERT INTO DANHGIA VALUES('SP01','11',2,'','10/1/2020')
INSERT INTO DANHGIA VALUES('SP01','12',2,'','10/1/2020')

INSERT INTO DANHGIA VALUES('SP01','13',1,'','10/1/2020')
INSERT INTO DANHGIA VALUES('SP01','14',1,'','10/1/2020')

INSERT INTO DANHGIA VALUES('SP01','15',1,'','10/1/2020')
INSERT INTO DANHGIA VALUES('SP02','15',1,'','10/1/2020')


-- hiển thị thoong 
select top 1 * from GIA_SP WHERE MASP='SP01' 
ORDER BY NGAYCAPNHAT asc
SELECT TH.MATH,TH.TENTH,TH.SLDT FROM THUONGHIEU TH JOIN SANPHAM SP ON SP.MATH=TH.MATH
WHERE SP.MASP='SP01'

SELECT SP.MASP, LTT.MALOP,tt.MATT,tt.NOIDUNG,ctt.NOIDUNG,ctt.MACT FROM SANPHAM SP JOIN CAUHINH CH ON CH.MACH=SP.MACH JOIN CH_CTTT CT ON CT.MACH=CH.MACH JOIN CHITIET_THUOCTINH CTT ON CTT.MACT=CT.MACT
JOIN THUOCTINH TT ON TT.MATT=CTT.MATT JOIN LOP_THUOCTINH LTT ON LTT.MALOP=TT.MALOP where sp.MASP='sp04'
GROUP BY SP.MASP, LTT.MALOP,tt.MATT,tt.NOIDUNG,ctt.NOIDUNG,ctt.MACT ORDER BY tt.matt ASC

SELECT * FROM HINHANH HA JOIN MAUSAC MS ON MS.MAMAU=HA.MAMAU WHERE HA.MASP='SP01' AND HA.MAMAU='MS04'
SELECT * FROM SANPHAM WHERE MASP='SP01'


--thêm cột trạng thái vào bảng phản hồi
ALTER TABLE PHANHOI
   ADD TRANGTHAI NVARCHAR(200);
--Sửa thuộc tính cột sdt trong bảng phản hồi

ALTER TABLE PHANHOI
   ALTER COLUMN SDT NVARCHAR(15)
   
 --tạo funtion search phản hồi
 
 
--thêm cột trạng thái trong thương hiệu
ALTER TABLE THUONGHIEU
   ADD TRANGTHAI NVARCHAR(200);
   
 --- HÀM TÌM KIẾM THEO TỪ KHÓA CỦA BẢNG THƯƠNG HIỆU




UPDATE THUONGHIEU SET TRANGTHAI = 'Còn kinh doanh' WHERE MATH = 'TH01'
UPDATE THUONGHIEU SET TRANGTHAI = 'Còn kinh doanh' WHERE MATH = 'TH02'
UPDATE THUONGHIEU SET TRANGTHAI = 'Còn kinh doanh' WHERE MATH = 'TH03'
UPDATE THUONGHIEU SET TRANGTHAI = 'Còn kinh doanh' WHERE MATH = 'TH04'
UPDATE THUONGHIEU SET TRANGTHAI = 'Còn kinh doanh' WHERE MATH = 'TH05'
UPDATE THUONGHIEU SET TRANGTHAI = 'Còn kinh doanh' WHERE MATH = 'TH06'
UPDATE THUONGHIEU SET TRANGTHAI = 'Còn kinh doanh' WHERE MATH = 'TH07'

UPDATE THUONGHIEU SET TRANGTHAI = 'Còn kinh doanh' WHERE MATH = 'TH08'
UPDATE THUONGHIEU SET TRANGTHAI = 'Còn kinh doanh' WHERE MATH = 'TH09'
UPDATE THUONGHIEU SET TRANGTHAI = 'Còn kinh doanh' WHERE MATH = 'TH10'
UPDATE THUONGHIEU SET TRANGTHAI = 'Còn kinh doanh' WHERE MATH = 'TH01'

UPDATE THUONGHIEU SET TRANGTHAI = 'Còn kinh doanh' WHERE MATH = 'TH01'

		
SELECT * FROM dbo.GETEVALUATE_AVG('SP02')		

SELECT * FROM dbo.GETPRODUCT_FORM('sp01')	

SELECT * FROM dbo.GET_PRODUCT_BRANCH('TH03')	order by GIA desc

--icon menu

--MAU GIAO DIEN
UPDATE QL_GIAODIEN SET MAU_THANHLOC = '#000000c2',MAU_CHU = '#000000c2',MAU_NEN ='#3f89d8'

	
select TT.MATT, TT.LOAI_GIATRI,TT.NOIDUNG,LTT.MALOP,LTT.NOIDUNG NOIDUNGLOP from THUOCTINH TT JOIN LOP_THUOCTINH LTT ON LTT.MALOP=TT.MALOP WHERE LTT.MALOP='MH'
select * from LOP_THUOCTINH

SELECT * FROM  (SELECT ROW_NUMBER() OVER (ORDER BY TT.MATT asc) 
AS STT ,TT.MATT,TT.NOIDUNG NOIDUNG,TT.LOAI_GIATRI,LTT.MALOP,LTT.NOIDUNG NOIDUNGLOP 
FROM  THUOCTINH TT  JOIN LOP_THUOCTINH LTT ON LTT.MALOP =TT.MALOP )
 TK WHERE TK.STT BETWEEN 10 AND 20
 
 -- ngày thành lập shop
 
 
 ALTER TABLE THONGTIN_SHOP
   ADD NGAYBATDAU DATE
 
